Date,Low 10,Decile 2,Decile 3,Decile 4,Decile 5,Decile 6,Decile 7,Decile 8,Decile 9,High 10
1/1/1927, (0.47), 1.04 , 4.17 , 2.40 , (0.31), 3.08 , 1.48 , 0.64 , (0.59), 1.18 
2/1/1927, 8.49 , 3.88 , 8.33 , 7.59 , 4.79 , 5.47 , 5.40 , 4.30 , 5.76 , 5.58 
3/1/1927, (6.15), (5.11), (2.38), (1.60), (1.63), (1.70), 0.49 , (1.53), 0.37 , (0.78)
4/1/1927, 2.61 , (0.93), 0.10 , (1.20), 0.09 , 0.40 , 1.27 , (0.57), 2.22 , 4.42 
5/1/1927, 1.12 , 3.73 , 6.01 , 5.17 , 7.55 , 9.27 , 6.61 , 8.21 , 6.91 , 10.00 
6/1/1927, (6.99), (1.10), (1.95), (1.96), (2.56), 0.13 , (1.42), (0.92), (2.32), (2.67)
7/1/1927, 6.94 , 4.29 , 5.22 , 6.18 , 5.46 , 4.80 , 7.46 , 4.60 , 5.67 , 9.50 
8/1/1927, (2.35), 3.23 , (1.05), 0.08 , 1.55 , 0.74 , 1.92 , 0.66 , 0.47 , (1.56)
9/1/1927, (0.56), 4.33 , 1.09 , 2.67 , 1.45 , 3.66 , 3.50 , 3.50 , 7.46 , 3.41 
10/1/1927, (6.67), (4.49), (5.03), (4.66), (1.56), (3.02), (3.56), (1.13), (4.37), (4.49)
11/1/1927, 29.73 , 9.54 , 8.22 , 8.73 , 6.93 , 9.03 , 7.96 , 7.23 , 7.85 , 8.33 
12/1/1927, 4.28 , 0.93 , 1.63 , 4.37 , 4.70 , 3.93 , 1.58 , 1.51 , 4.41 , 4.90 
1/1/1928, 3.35 , 3.10 , 3.30 , 8.16 , 2.11 , (0.11), 3.38 , 0.11 , 0.73 , 9.42 
2/1/1928, 0.23 , (2.61), (4.46), (0.66), (1.28), (0.75), (2.72), (3.98), (3.22), (5.43)
3/1/1928, 7.15 , 6.17 , 8.23 , 4.12 , 5.49 , 7.88 , 5.97 , 7.46 , 7.65 , 11.77 
4/1/1928, 7.62 , 10.14 , 15.25 , 13.48 , 7.35 , 14.96 , 3.55 , 4.08 , 3.82 , 8.14 
5/1/1928, 14.10 , 0.56 , 2.84 , 0.12 , 2.65 , 1.01 , 3.38 , 3.55 , 4.47 , 5.67 
6/1/1928, (9.56), (6.68), (7.48), (5.80), (6.55), (4.10), (6.89), (7.75), (6.56), (7.11)
7/1/1928, (2.38), (0.32), (1.04), 0.06 , (0.21), 0.92 , 1.89 , (0.32), 1.49 , 1.90 
8/1/1928, 4.67 , 4.25 , 5.22 , 2.47 , 6.67 , 8.06 , 5.07 , 8.42 , 8.82 , 6.98 
9/1/1928, 4.68 , 6.46 , 3.18 , 2.40 , 3.20 , 4.46 , 7.19 , 4.87 , 6.16 , 8.30 
10/1/1928, (0.16), (1.15), 1.59 , (0.01), (0.17), 0.69 , 1.01 , 2.76 , 3.04 , 9.28 
11/1/1928, 8.95 , 11.87 , 8.85 , 10.53 , 10.49 , 13.50 , 14.90 , 8.98 , 12.15 , 18.89 
12/1/1928, (5.59), (1.12), 1.10 , (0.79), (1.25), 2.59 , 1.33 , 0.75 , 0.12 , (0.58)
1/1/1929, 1.67 , 2.44 , 1.82 , 2.18 , 3.66 , 2.30 , 4.88 , 4.53 , 5.97 , 2.73 
2/1/1929, (3.99), 0.21 , 1.31 , (0.01), (1.05), 0.69 , 1.85 , 0.61 , 2.47 , 3.75 
3/1/1929, (5.44), (2.62), (3.56), (2.25), (2.15), (3.26), (5.61), (2.32), (4.13), 0.83 
4/1/1929, (3.97), 2.44 , 2.85 , (0.76), 0.89 , 1.38 , 2.84 , 2.01 , 2.22 , 3.01 
5/1/1929, (13.58), (12.37), (6.57), (8.80), (5.25), (7.47), (6.85), (8.02), (9.68), (12.26)
6/1/1929, 3.80 , 5.62 , 3.71 , 6.17 , 4.53 , 7.63 , 7.95 , 10.60 , 14.88 , 13.03 
7/1/1929, (0.39), (2.05), 1.98 , 0.34 , 2.73 , 4.58 , 1.45 , 3.06 , 3.46 , 1.57 
8/1/1929, (3.34), (0.46), 0.40 , (0.73), 1.09 , 3.48 , 7.55 , 6.57 , 7.81 , 5.76 
9/1/1929, (7.04), (7.93), (5.81), (3.91), (4.36), (3.79), (3.32), (3.98), (2.86), (1.01)
10/1/1929, (22.44), (22.36), (21.08), (20.54), (14.82), (16.68), (16.14), (18.86), (20.77), (27.29)
11/1/1929, (11.18), (13.45), (12.08), (8.08), (12.16), (7.96), (11.00), (10.60), (13.88), (16.02)
12/1/1929, (13.28), (9.73), (3.57), (2.34), (1.38), (2.15), (3.52), 1.21 , 1.57 , 4.53 
1/1/1930, 24.65 , 21.11 , 14.40 , 9.34 , 8.82 , 6.88 , 8.24 , 6.12 , 4.92 , 4.66 
2/1/1930, 4.74 , 4.71 , 3.89 , 3.13 , 1.54 , 2.24 , 2.57 , 1.67 , 2.30 , 3.80 
3/1/1930, 24.32 , 13.76 , 10.81 , 8.03 , 11.27 , 7.53 , 7.11 , 7.30 , 5.85 , 7.77 
4/1/1930, (4.63), (2.46), (9.18), (7.55), (5.74), (4.45), (7.01), (3.84), 0.11 , (2.78)
5/1/1930, (9.76), (7.44), (3.58), (3.98), (1.80), (4.25), (1.65), (2.17), (0.53), (2.54)
6/1/1930, (24.61), (22.73), (22.11), (18.88), (19.99), (17.02), (14.18), (12.00), (14.71), (20.73)
7/1/1930, 5.06 , 4.35 , 4.35 , (0.20), 6.68 , 5.08 , 4.08 , 2.16 , 2.19 , 4.65 
8/1/1930, (6.90), (2.52), (1.91), (3.55), (0.14), (2.06), (0.04), (1.84), 1.01 , 0.48 
9/1/1930, (21.83), (20.01), (20.38), (15.83), (14.99), (13.73), (13.35), (11.23), (10.33), (9.78)
10/1/1930, (10.41), (13.97), (12.44), (14.05), (10.03), (8.46), (5.69), (8.44), (7.30), (7.71)
11/1/1930, 0.21 , (0.17), (3.46), (1.86), (3.00), (2.47), (3.24), (3.53), (0.95), (0.79)
12/1/1930, (24.93), (18.87), (17.71), (14.93), (15.95), (11.08), (13.32), (8.78), (6.40), (5.96)
1/1/1931, 28.27 , 24.73 , 17.09 , 14.49 , 13.07 , 11.40 , 10.67 , 6.51 , 4.98 , 11.64 
2/1/1931, 25.11 , 26.46 , 17.47 , 18.22 , 18.55 , 15.04 , 13.25 , 10.11 , 7.56 , 7.08 
3/1/1931, (11.20), (11.21), (8.26), (2.41), (7.57), (6.94), (9.33), (4.86), (3.17), 1.96 
4/1/1931, (23.30), (19.08), (19.69), (17.72), (15.70), (15.55), (14.53), (10.12), (10.63), (8.58)
5/1/1931, (17.60), (19.43), (15.65), (14.86), (15.68), (15.28), (12.48), (11.59), (9.96), (8.08)
6/1/1931, 27.38 , 30.56 , 21.25 , 21.53 , 23.04 , 18.47 , 14.27 , 11.45 , 10.72 , 8.59 
7/1/1931, (11.72), (10.58), (10.19), (10.46), (8.98), (4.82), (5.11), (1.59), (3.70), (2.84)
8/1/1931, 1.05 , (3.99), (0.42), (4.27), (3.59), (1.14), (1.57), (3.40), (0.03), (0.67)
9/1/1931, (33.66), (38.36), (36.85), (30.03), (32.59), (28.66), (31.33), (29.52), (25.24), (25.88)
10/1/1931, 6.96 , 11.60 , 12.82 , 13.08 , 6.42 , 6.30 , 13.71 , 6.05 , 14.75 , 13.45 
11/1/1931, (13.61), (12.96), (11.79), (11.56), (8.46), (7.16), (6.71), (8.94), (5.84), (3.54)
12/1/1931, (27.17), (25.24), (23.92), (20.35), (19.53), (19.57), (15.84), (12.27), (15.44), (7.81)
1/1/1932, 31.56 , 9.79 , 8.50 , 7.47 , 13.41 , 7.93 , 1.69 , 1.63 , 2.66 , 3.18 
2/1/1932, (2.21), 1.43 , 2.18 , (3.05), 1.63 , 4.29 , 3.47 , 4.61 , 4.96 , 2.78 
3/1/1932, (20.33), (16.26), (14.33), (12.26), (10.54), (14.16), (11.19), (9.16), (7.83), (5.86)
4/1/1932, (22.51), (21.65), (18.28), (19.17), (20.73), (18.52), (18.32), (16.04), (15.21), (11.27)
5/1/1932, (22.22), (23.30), (20.91), (20.24), (23.52), (19.23), (19.39), (19.26), (20.01), (16.90)
6/1/1932, 3.79 , 6.44 , 4.32 , 6.74 , 3.77 , 2.83 , (1.35), 2.14 , 7.22 , 5.00 
7/1/1932, 69.41 , 74.90 , 53.37 , 66.03 , 43.45 , 38.54 , 29.10 , 30.35 , 19.76 , 12.75 
8/1/1932, 113.99 , 113.43 , 74.44 , 77.17 , 75.69 , 62.38 , 47.54 , 35.74 , 37.75 , 31.12 
9/1/1932, (10.38), (2.61), (8.36), (7.94), (7.76), (1.39), (7.16), (7.52), (4.67), (2.36)
10/1/1932, (18.11), (14.48), (21.15), (16.92), (14.72), (15.98), (15.41), (15.53), (17.49), (18.53)
11/1/1932, (9.63), (6.46), 0.13 , (10.05), (7.45), (6.66), (7.98), (3.89), (7.31), (7.94)
12/1/1932, (10.10), (5.74), (5.95), (3.98), (4.12), (2.96), (2.72), (1.64), 0.67 , (0.25)
1/1/1933, 2.44 , 5.86 , 6.55 , 6.10 , 3.12 , 2.90 , 4.27 , 3.98 , 5.33 , (3.38)
2/1/1933, (18.91), (16.03), (20.01), (19.76), (14.78), (16.35), (15.45), (13.25), (12.88), (11.60)
3/1/1933, 6.25 , 10.97 , 11.63 , 6.82 , 13.91 , 13.68 , 9.47 , 7.86 , 11.63 , 12.14 
4/1/1933, 55.93 , 61.74 , 53.62 , 63.10 , 44.75 , 53.56 , 47.65 , 57.39 , 42.48 , 44.54 
5/1/1933, 78.23 , 73.53 , 70.12 , 68.01 , 49.49 , 50.63 , 62.40 , 56.19 , 38.88 , 55.76 
6/1/1933, 31.08 , 23.76 , 23.92 , 25.02 , 17.90 , 19.87 , 20.20 , 19.28 , 27.05 , 15.80 
7/1/1933, (8.80), (11.31), (8.45), (10.34), (10.03), (8.62), (11.97), (6.21), (12.31), (9.27)
8/1/1933, 4.83 , 3.53 , 12.84 , 11.77 , 13.41 , 15.29 , 13.96 , 14.47 , 12.50 , 10.79 
9/1/1933, (21.18), (16.86), (16.92), (15.96), (14.27), (9.41), (14.70), (13.68), (13.57), (15.17)
10/1/1933, (9.44), (10.70), (10.88), (10.53), (12.88), (10.70), (10.64), (12.35), (10.79), (10.90)
11/1/1933, 0.31 , 2.72 , 7.75 , 10.32 , 7.30 , 6.33 , 9.53 , 10.95 , 4.70 , 6.23 
12/1/1933, (1.71), (1.35), 2.95 , 2.69 , 2.19 , 1.19 , 3.73 , 3.73 , 2.63 , 2.91 
1/1/1934, 42.93 , 38.90 , 34.02 , 30.84 , 32.27 , 28.82 , 25.74 , 27.38 , 35.48 , 26.62 
2/1/1934, 0.19 , 0.35 , 1.27 , 1.75 , 1.23 , 0.41 , 0.83 , (0.22), 0.14 , 3.78 
3/1/1934, (1.16), 0.21 , 3.01 , (0.17), (0.07), (1.06), 2.25 , 1.67 , 0.59 , 2.25 
4/1/1934, 1.17 , (0.44), 3.33 , 0.96 , 0.27 , 1.08 , (1.99), 0.63 , (0.83), (3.95)
5/1/1934, (8.92), (9.15), (9.25), (9.24), (11.02), (12.30), (11.86), (12.27), (13.46), (12.38)
6/1/1934, (2.01), (0.10), 0.01 , 0.57 , 0.94 , 0.78 , 1.70 , 2.72 , (2.20), (0.23)
7/1/1934, (22.45), (22.94), (22.34), (20.61), (19.36), (18.22), (20.03), (12.39), (13.35), (17.85)
8/1/1934, 6.81 , 11.12 , 13.01 , 9.81 , 8.63 , 9.13 , 9.62 , 8.73 , 11.11 , 12.15 
9/1/1934, (2.12), (2.80), (2.34), (1.06), (1.85), (0.21), (0.88), 0.91 , (0.70), (1.10)
10/1/1934, (5.65), (6.77), (5.31), (3.44), (3.58), (1.31), 0.50 , 1.92 , 1.95 , 1.95 
11/1/1934, 12.82 , 11.92 , 12.13 , 13.37 , 10.60 , 13.44 , 13.77 , 15.82 , 14.89 , 13.53 
12/1/1934, 2.04 , (3.55), 0.57 , 0.60 , 1.21 , 1.08 , 0.70 , 2.11 , 4.32 , 6.70 
1/1/1935, (3.77), (3.75), (4.88), (1.87), (2.01), (4.78), (3.38), (2.71), (3.37), (2.25)
2/1/1935, (18.66), (12.11), (10.89), (7.03), (8.08), (2.36), (0.58), 0.26 , 1.27 , 1.11 
3/1/1935, (11.56), (10.66), (7.74), (9.92), (6.10), (8.28), (6.71), (3.58), (4.97), (4.82)
4/1/1935, 9.66 , 18.37 , 9.75 , 10.47 , 12.94 , 10.88 , 5.99 , 6.99 , 8.25 , 6.64 
5/1/1935, 5.49 , 1.04 , 3.89 , 2.12 , 3.69 , 2.48 , 1.10 , 0.39 , 1.85 , 2.64 
6/1/1935, (1.90), 1.91 , 3.31 , 2.71 , 6.06 , 6.23 , 5.03 , 6.38 , 5.68 , 6.98 
7/1/1935, 13.86 , 15.21 , 15.29 , 11.84 , 9.95 , 4.79 , 12.16 , 8.35 , 8.79 , 9.20 
8/1/1935, 26.04 , 16.58 , 12.64 , 5.03 , 4.36 , 3.82 , 4.09 , 3.87 , 2.80 , 5.98 
9/1/1935, (9.70), 0.81 , 0.70 , 2.13 , 2.85 , 4.72 , 2.00 , 4.52 , 5.80 , 9.70 
10/1/1935, 8.25 , 10.15 , 4.89 , 7.83 , 8.28 , 7.01 , 8.92 , 9.48 , 8.99 , 11.09 
11/1/1935, 42.25 , 24.11 , 14.05 , 9.96 , 15.09 , 8.64 , 6.51 , 9.27 , 9.27 , 10.69 
12/1/1935, (1.12), 3.31 , 7.21 , 5.44 , 4.83 , 4.02 , 9.76 , 6.61 , 8.45 , 10.03 
1/1/1936, 25.02 , 16.62 , 17.06 , 11.90 , 13.01 , 10.71 , 14.57 , 15.43 , 17.24 , 11.19 
2/1/1936, 1.48 , 2.16 , 1.99 , 3.31 , 5.80 , 6.88 , 6.04 , 8.10 , 5.47 , 2.75 
3/1/1936, 0.33 , (1.39), 1.64 , 0.17 , (0.91), 0.97 , 0.88 , (0.40), 2.59 , 4.03 
4/1/1936, (5.82), (4.26), (11.17), (11.86), (13.23), (13.70), (16.68), (13.79), (15.45), (18.98)
5/1/1936, 2.48 , 2.73 , 5.05 , 3.88 , 4.29 , 5.23 , 7.44 , 6.42 , 6.23 , 8.60 
6/1/1936, (1.08), 0.95 , (0.27), 0.28 , 0.86 , 0.86 , 0.16 , (1.08), 2.06 , (3.18)
7/1/1936, 2.95 , 5.60 , 5.66 , 10.21 , 8.06 , 7.09 , 10.15 , 8.77 , 10.34 , 10.04 
8/1/1936, 0.51 , 0.48 , 2.62 , 2.95 , 4.31 , 3.21 , (0.18), 4.14 , 3.95 , 0.34 
9/1/1936, 5.80 , 1.09 , 3.23 , 3.04 , 2.82 , 5.15 , 0.70 , 3.79 , 2.60 , 4.51 
10/1/1936, 6.48 , 5.59 , 4.78 , 7.24 , 4.35 , 7.15 , 9.87 , 7.37 , 6.24 , 6.82 
11/1/1936, 8.62 , 10.34 , 6.58 , 9.52 , 8.33 , 7.75 , 10.46 , 10.98 , 10.74 , 8.53 
12/1/1936, 1.36 , 1.50 , 1.96 , 6.89 , 1.03 , 1.72 , 2.37 , 1.48 , 6.52 , 2.38 
1/1/1937, 7.30 , 9.05 , 6.60 , 9.86 , 6.89 , 10.23 , 5.05 , 7.32 , 6.88 , 9.91 
2/1/1937, 0.75 , 2.42 , 1.10 , 4.44 , 1.97 , 2.21 , 2.32 , 1.30 , 3.51 , 6.89 
3/1/1937, (3.56), 1.15 , 0.96 , (1.07), (1.13), 0.21 , 1.21 , 0.71 , (0.43), 2.34 
4/1/1937, (12.24), (10.00), (8.85), (8.11), (9.50), (8.67), (8.77), (10.22), (11.69), (14.95)
5/1/1937, (4.71), (2.07), (3.02), (0.33), (3.10), (3.02), (2.35), (2.06), (1.43), (2.10)
6/1/1937, (10.80), (7.77), (7.15), (7.08), (5.47), (6.94), (7.10), (7.94), (6.66), (10.07)
7/1/1937, 15.13 , 8.97 , 9.48 , 9.16 , 9.60 , 9.34 , 9.43 , 9.28 , 9.89 , 11.27 
8/1/1937, (7.99), (4.82), (5.91), (4.95), (4.45), (3.39), (4.38), (5.88), (6.61), (5.94)
9/1/1937, (21.05), (17.91), (15.83), (16.04), (17.47), (17.84), (19.52), (20.90), (23.10), (25.57)
10/1/1937, (8.19), (9.28), (8.94), (11.18), (10.05), (9.36), (9.11), (10.84), (11.05), (12.55)
11/1/1937, (13.38), (11.62), (10.54), (10.84), (10.33), (9.52), (10.45), (9.65), (10.35), (12.35)
12/1/1937, (18.40), (11.18), (11.35), (14.54), (8.56), (8.48), (7.82), (7.32), (8.32), (7.42)
1/1/1938, 10.51 , 6.82 , 3.37 , 4.93 , 1.23 , 4.57 , 2.86 , 2.66 , 3.47 , 1.49 
2/1/1938, 5.99 , 6.04 , 3.99 , 8.97 , 7.47 , 7.61 , 6.78 , 5.63 , 5.81 , 3.81 
3/1/1938, (38.92), (34.24), (33.12), (31.65), (32.10), (28.79), (27.48), (25.24), (21.10), (16.96)
4/1/1938, 23.62 , 29.41 , 24.12 , 24.59 , 21.89 , 19.10 , 17.46 , 18.19 , 13.96 , 13.55 
5/1/1938, (8.76), (10.37), (10.19), (8.79), (9.60), (7.82), (5.72), (5.97), (4.09), 0.39 
6/1/1938, 36.76 , 42.24 , 37.80 , 38.37 , 38.52 , 35.09 , 29.29 , 25.29 , 17.75 , 10.37 
7/1/1938, 22.68 , 12.06 , 15.05 , 12.59 , 12.31 , 11.91 , 10.53 , 11.01 , 7.78 , 6.11 
8/1/1938, (12.48), (8.67), (7.52), (8.18), (8.08), (5.44), (5.46), (3.89), (3.59), (0.96)
9/1/1938, (3.44), (3.31), (2.76), (0.91), (2.39), (1.63), (0.66), (0.26), 0.28 , 0.17 
10/1/1938, 18.50 , 17.66 , 18.85 , 17.72 , 12.86 , 14.38 , 10.59 , 9.48 , 10.36 , 12.89 
11/1/1938, (13.95), (2.17), (6.26), (5.70), (4.95), (1.85), (0.75), (1.83), (1.89), 0.54 
12/1/1938, 1.85 , 1.53 , 0.88 , 3.02 , 2.96 , 2.70 , 4.82 , 3.75 , 5.16 , 6.52 
1/1/1939, (4.69), (7.41), (6.78), (7.20), (7.26), (7.20), (8.92), (7.92), (9.82), (9.34)
2/1/1939, 1.52 , 2.74 , 3.66 , 4.20 , 3.85 , 3.60 , 4.73 , 5.05 , 5.60 , 6.77 
3/1/1939, (18.09), (17.03), (16.73), (15.38), (17.60), (18.57), (16.06), (15.53), (18.98), (20.62)
4/1/1939, (2.56), (1.06), (1.49), 0.90 , 1.21 , (1.46), 1.27 , 0.44 , 0.86 , 3.74 
5/1/1939, 6.11 , 5.98 , 8.82 , 8.42 , 7.60 , 9.44 , 8.09 , 7.92 , 10.66 , 12.52 
6/1/1939, (8.82), (9.06), (11.24), (7.88), (8.09), (7.56), (8.24), (7.22), (8.12), (8.39)
7/1/1939, 12.91 , 14.60 , 14.29 , 16.09 , 13.87 , 13.43 , 11.38 , 12.90 , 10.67 , 15.82 
8/1/1939, (12.11), (13.34), (11.64), (12.36), (11.83), (11.09), (9.17), (9.76), (6.68), (7.99)
9/1/1939, 105.49 , 59.40 , 53.22 , 46.88 , 33.59 , 28.89 , 27.26 , 16.83 , 19.27 , 15.08 
10/1/1939, (8.72), (2.35), (3.17), (2.88), (0.96), 0.43 , 0.87 , 1.89 , 2.49 , 3.95 
11/1/1939, (7.54), (10.05), (6.40), (7.49), (8.20), (7.74), (7.23), (10.09), (7.29), (9.90)
12/1/1939, (1.78), (0.36), (1.15), 2.36 , 2.13 , 1.92 , 1.68 , 3.07 , 2.70 , 5.03 
1/1/1940, (1.26), (4.13), (2.01), (3.35), (4.65), (1.26), (0.17), (1.35), (1.54), (0.55)
2/1/1940, 0.60 , 1.56 , 3.30 , 4.13 , 1.94 , 2.68 , 3.29 , 2.94 , 3.56 , 6.67 
3/1/1940, 3.21 , 1.87 , 2.65 , 3.40 , 1.90 , 3.14 , 2.11 , 3.41 , 1.99 , 3.65 
4/1/1940, (6.74), 1.41 , (0.51), 1.64 , 0.22 , 0.52 , 0.84 , 2.39 , 4.72 , 8.14 
5/1/1940, (26.19), (29.78), (28.09), (26.52), (25.53), (25.57), (25.01), (25.80), (27.15), (30.15)
6/1/1940, 8.06 , 8.83 , 6.52 , 7.19 , 4.73 , 7.49 , 6.53 , 5.75 , 6.03 , 6.39 
7/1/1940, 2.24 , 3.63 , 3.79 , 4.28 , 2.93 , 3.54 , 3.16 , 3.86 , 5.00 , 5.11 
8/1/1940, 1.96 , 3.09 , 2.61 , 1.61 , 2.69 , 2.72 , 1.28 , 2.40 , 2.13 , 1.32 
9/1/1940, 2.96 , 4.13 , 4.04 , 3.71 , 3.79 , 4.36 , 4.60 , 4.16 , 3.73 , 2.78 
10/1/1940, 1.57 , 9.51 , 7.98 , 6.93 , 5.33 , 3.60 , 3.53 , 3.65 , 2.15 , 4.87 
11/1/1940, (3.71), (2.25), 2.26 , 0.54 , 0.10 , 0.43 , (1.03), 0.09 , 0.91 , 0.94 
12/1/1940, (10.60), (4.52), (1.91), (1.23), (2.17), (0.79), (0.48), 0.03 , 0.50 , 2.67 
1/1/1941, 17.66 , 0.36 , 0.59 , (2.07), (2.41), (4.37), (4.32), (3.72), (3.37), (4.35)
2/1/1941, (1.93), (3.32), (2.12), (2.20), (1.99), (0.66), (1.28), (3.59), (0.69), (1.50)
3/1/1941, (0.40), 1.98 , 1.44 , 1.36 , 1.45 , (0.04), 1.22 , 2.52 , 2.53 , 0.77 
4/1/1941, (9.49), (7.45), (6.91), (6.77), (5.76), (5.00), (5.52), (1.85), (4.21), (4.63)
5/1/1941, (1.13), (0.19), 1.08 , 1.09 , 1.88 , 1.34 , 1.11 , 1.85 , 1.66 , 2.28 
6/1/1941, 7.76 , 7.11 , 6.65 , 5.96 , 5.79 , 6.34 , 6.11 , 5.80 , 7.41 , 7.96 
7/1/1941, 25.08 , 15.56 , 13.40 , 12.40 , 9.65 , 10.77 , 9.90 , 10.40 , 9.94 , 12.53 
8/1/1941, (1.93), (3.56), (1.09), (1.02), (0.94), 0.39 , 2.23 , (0.14), 0.13 , (0.61)
9/1/1941, (3.47), (1.04), (0.19), (2.58), (1.05), (2.90), (2.34), (1.69), (2.08), (2.85)
10/1/1941, (13.06), (6.70), (5.83), (7.29), (6.01), (7.01), (4.12), (4.66), (3.99), (3.31)
11/1/1941, (10.22), (3.85), (5.09), (4.37), (3.60), (2.80), (0.72), (1.33), (0.97), (0.88)
12/1/1941, (15.68), (9.59), (7.18), (6.96), (5.23), (7.05), (6.82), (6.43), (7.95), (9.26)
1/1/1942, 30.97 , 19.79 , 8.73 , 10.46 , 8.06 , 7.21 , 6.52 , 6.81 , 11.77 , 18.13 
2/1/1942, 0.97 , (0.37), (2.18), (2.89), (1.45), (2.54), (1.14), (1.78), (1.31), (1.50)
3/1/1942, (4.49), (3.15), (5.60), (5.91), (5.10), (6.50), (3.70), (4.11), (6.32), (6.87)
4/1/1942, (3.37), (4.63), (3.85), (4.77), (5.68), (5.73), (5.42), (4.53), (5.45), (2.07)
5/1/1942, 5.95 , 5.11 , 4.18 , 5.59 , 1.57 , 2.15 , 1.49 , 0.23 , 1.78 , 0.27 
6/1/1942, 2.38 , 3.90 , 3.03 , 2.49 , 2.82 , 2.77 , 3.07 , 1.44 , 1.70 , 0.91 
7/1/1942, 4.45 , 3.72 , 5.05 , 4.50 , 3.12 , 5.78 , 4.68 , 3.65 , 4.51 , 7.69 
8/1/1942, 3.41 , 3.06 , 3.39 , 3.22 , 1.53 , 3.31 , 2.02 , 2.96 , 1.67 , 4.05 
9/1/1942, 10.52 , 3.99 , 4.24 , 2.56 , 2.60 , 3.67 , 3.62 , 3.49 , 3.79 , 9.22 
10/1/1942, 20.45 , 13.32 , 10.10 , 9.89 , 7.92 , 7.91 , 6.73 , 8.18 , 7.19 , 7.21 
11/1/1942, (2.53), (1.20), (2.13), 0.42 , (1.72), (1.21), (0.28), 0.50 , (2.47), (4.56)
12/1/1942, 1.98 , 4.15 , 2.18 , 2.18 , 2.94 , 3.96 , 5.95 , 5.25 , 2.80 , 3.98 
1/1/1943, 15.68 , 13.43 , 13.16 , 10.90 , 15.04 , 13.73 , 13.90 , 16.62 , 23.03 , 29.76 
2/1/1943, 32.48 , 12.03 , 10.09 , 16.79 , 9.48 , 14.58 , 8.89 , 8.61 , 9.19 , 10.49 
3/1/1943, 11.53 , 9.37 , 8.98 , 10.37 , 9.11 , 8.35 , 11.09 , 13.95 , 14.53 , 14.35 
4/1/1943, 0.31 , 0.09 , (0.42), 2.29 , 1.70 , 0.61 , 6.28 , 6.55 , 6.35 , 11.58 
5/1/1943, 4.37 , 5.84 , 6.22 , 6.42 , 4.90 , 8.28 , 8.71 , 10.27 , 11.90 , 16.63 
6/1/1943, 1.10 , 1.34 , 1.73 , 2.78 , 1.41 , 2.21 , 2.10 , 1.88 , 0.04 , (3.16)
7/1/1943, (2.80), (3.85), (4.50), (4.91), (5.86), (5.61), (6.99), (7.14), (10.11), (12.18)
8/1/1943, (0.86), 0.72 , (0.45), 0.43 , 0.08 , 2.45 , 0.73 , 1.06 , 1.38 , (2.00)
9/1/1943, 1.13 , 2.71 , 2.58 , 2.92 , 2.76 , 4.22 , 4.70 , 3.76 , 5.09 , 5.35 
10/1/1943, 1.26 , (0.58), (0.50), (0.42), (0.50), (0.41), (1.13), 0.19 , 0.65 , (2.28)
11/1/1943, (10.23), (7.25), (6.08), (7.81), (7.32), (7.21), (6.95), (10.67), (11.58), (14.71)
12/1/1943, 7.17 , 7.80 , 6.84 , 7.18 , 9.15 , 8.17 , 10.86 , 13.79 , 13.10 , 14.37 
1/1/1944, 3.97 , 3.16 , 3.65 , 3.81 , 4.29 , 3.02 , 5.17 , 6.13 , 3.84 , 7.64 
2/1/1944, 1.17 , 0.91 , 0.86 , 1.77 , 1.68 , 1.09 , 1.02 , 1.12 , 2.67 , 2.57 
3/1/1944, 3.65 , 2.55 , 2.93 , 2.77 , 3.21 , 4.21 , 3.29 , 4.21 , 8.02 , 6.56 
4/1/1944, (5.11), (3.54), (2.70), (2.61), (3.07), (2.34), (2.23), (2.57), (3.06), (2.59)
5/1/1944, 4.35 , 5.93 , 6.06 , 6.36 , 5.50 , 7.69 , 6.94 , 7.34 , 8.16 , 7.73 
6/1/1944, 21.53 , 16.43 , 9.10 , 9.50 , 9.65 , 9.16 , 6.67 , 7.55 , 8.85 , 5.64 
7/1/1944, (3.92), 0.98 , (2.05), (0.86), (0.78), (0.97), (1.15), (0.72), (1.44), (1.90)
8/1/1944, 0.63 , 1.08 , 1.77 , 2.68 , 1.62 , 2.01 , 3.47 , 4.83 , 5.56 , 7.39 
9/1/1944, 0.54 , (0.47), 1.13 , 0.08 , (0.65), 0.02 , 0.64 , (0.14), (0.39), (1.09)
10/1/1944, 0.06 , (0.32), 0.51 , (0.17), 0.79 , 1.79 , (0.56), (0.06), (0.73), (1.03)
11/1/1944, 1.58 , 2.25 , 2.13 , 1.37 , 2.60 , 2.77 , 2.19 , 2.69 , 2.77 , 3.46 
12/1/1944, 5.73 , 4.39 , 6.69 , 5.24 , 6.19 , 7.63 , 7.73 , 7.72 , 10.64 , 8.06 
1/1/1945, 4.44 , 3.69 , 3.94 , 3.78 , 3.27 , 3.57 , 2.92 , 4.06 , 6.26 , 8.25 
2/1/1945, 8.55 , 6.43 , 6.51 , 6.95 , 8.59 , 8.99 , 8.01 , 10.40 , 9.23 , 11.36 
3/1/1945, (3.77), (3.30), (4.54), (4.77), (6.32), (5.35), (5.55), (5.62), (7.97), (9.10)
4/1/1945, 7.13 , 6.85 , 7.34 , 7.12 , 9.71 , 9.02 , 9.50 , 9.10 , 10.95 , 12.69 
5/1/1945, 4.27 , 2.82 , 2.18 , 3.40 , 0.97 , 2.59 , 2.82 , 2.76 , 4.65 , 3.09 
6/1/1945, 2.40 , 1.52 , 2.26 , 1.27 , 2.89 , 1.54 , 3.40 , 5.42 , 6.76 , 8.60 
7/1/1945, (3.61), (2.46), (3.02), (2.15), (3.26), (3.25), (2.86), (3.60), (4.75), (5.37)
8/1/1945, 6.33 , 6.98 , 6.62 , 7.79 , 7.47 , 7.98 , 7.92 , 6.80 , 5.55 , 3.29 
9/1/1945, 5.90 , 6.04 , 5.22 , 6.83 , 6.61 , 5.91 , 6.63 , 7.55 , 6.72 , 5.65 
10/1/1945, 7.37 , 5.35 , 6.06 , 7.49 , 6.94 , 7.48 , 5.46 , 5.89 , 6.19 , 6.71 
11/1/1945, 8.42 , 6.16 , 7.62 , 9.33 , 7.75 , 9.81 , 10.18 , 11.36 , 13.65 , 9.58 
12/1/1945, 1.42 , 1.97 , 1.18 , 2.55 , 1.47 , 3.76 , 2.42 , 3.54 , 2.45 , 3.66 
1/1/1946, 7.74 , 5.25 , 7.91 , 8.40 , 10.40 , 11.17 , 10.02 , 8.41 , 11.03 , 14.76 
2/1/1946, (4.48), (6.38), (5.72), (7.04), (5.37), (6.41), (8.54), (6.94), (7.17), (7.88)
3/1/1946, 5.19 , 4.86 , 5.38 , 5.09 , 4.79 , 6.70 , 7.01 , 7.94 , 6.55 , 5.31 
4/1/1946, 3.02 , 3.56 , 3.36 , 4.90 , 6.53 , 5.73 , 5.58 , 6.57 , 6.93 , 7.15 
5/1/1946, 6.37 , 5.87 , 4.29 , 7.16 , 6.29 , 5.83 , 5.97 , 6.06 , 4.65 , 3.38 
6/1/1946, (4.32), (3.14), (4.58), (3.19), (5.52), (4.81), (5.48), (6.14), (5.68), (6.31)
7/1/1946, (5.43), (3.79), (3.49), (4.21), (4.64), (4.09), (4.45), (3.78), (4.04), (3.63)
8/1/1946, (8.19), (6.60), (7.35), (6.07), (7.02), (7.03), (8.12), (8.12), (8.10), (8.30)
9/1/1946, (17.01), (14.22), (13.84), (12.81), (12.20), (12.80), (12.23), (12.93), (12.34), (13.93)
10/1/1946, (1.85), (1.66), (1.57), (1.88), (0.28), (0.62), (0.80), (0.49), (1.39), (1.63)
11/1/1946, (2.54), (1.54), 1.11 , 0.16 , (0.05), 1.18 , 0.82 , 0.28 , (0.53), (1.13)
12/1/1946, 2.08 , 3.47 , 7.08 , 5.36 , 4.83 , 4.78 , 4.76 , 2.88 , 4.82 , 7.26 
1/1/1947, 8.03 , 7.15 , 4.69 , 4.75 , 2.26 , 2.69 , 0.55 , 1.34 , (0.54), (0.15)
2/1/1947, (0.06), (0.74), (1.56), (0.38), (0.51), (0.35), (0.24), (0.68), (0.85), (0.50)
3/1/1947, (7.18), (4.29), (3.91), (2.90), (2.58), (2.42), (1.96), (1.30), (1.83), (1.30)
4/1/1947, (14.46), (10.37), (9.44), (8.89), (7.24), (7.06), (6.42), (4.78), (6.32), (6.72)
5/1/1947, (7.35), (6.00), (5.26), (3.72), (2.37), (3.40), (3.40), (2.60), (2.37), (2.07)
6/1/1947, 7.95 , 5.79 , 5.37 , 7.24 , 4.87 , 5.80 , 6.53 , 5.28 , 4.63 , 4.69 
7/1/1947, 8.23 , 8.37 , 7.17 , 6.27 , 6.55 , 5.49 , 4.62 , 4.94 , 4.77 , 5.79 
8/1/1947, (4.13), (3.26), (3.43), (1.38), (1.75), (1.63), (0.85), 0.25 , (0.65), (0.61)
9/1/1947, 1.84 , (1.11), 0.21 , 0.58 , 0.51 , (0.06), 0.88 , 0.20 , 0.90 , 2.69 
10/1/1947, 2.81 , 4.31 , 3.62 , 3.86 , 2.51 , 3.71 , 2.50 , 3.30 , 2.79 , 4.55 
11/1/1947, (7.06), (4.79), (4.57), (3.50), (2.56), (2.82), (1.71), (1.35), (0.86), 0.06 
12/1/1947, (1.25), 1.07 , (0.14), 2.81 , 2.53 , 1.24 , 2.80 , 2.81 , 5.47 , 5.82 
1/1/1948, 2.63 , 0.21 , 0.63 , (0.17), (3.03), (3.16), (2.84), (2.84), (4.31), (3.97)
2/1/1948, (9.38), (6.65), (6.44), (5.89), (5.04), (4.83), (4.51), (5.42), (6.09), (5.71)
3/1/1948, 12.71 , 9.95 , 7.70 , 9.75 , 8.45 , 7.52 , 8.43 , 9.80 , 9.70 , 12.22 
4/1/1948, 0.09 , 2.43 , 4.09 , 2.67 , 4.65 , 2.49 , 4.02 , 5.03 , 5.50 , 7.30 
5/1/1948, 10.62 , 9.65 , 6.45 , 8.14 , 9.69 , 7.52 , 7.73 , 9.21 , 10.13 , 8.26 
6/1/1948, (5.96), (2.56), (2.53), (2.31), (1.43), (1.28), (0.97), 0.07 , 0.10 , 3.62 
7/1/1948, (5.33), (5.91), (4.03), (3.89), (5.11), (5.67), (5.87), (5.15), (6.89), (5.35)
8/1/1948, (1.70), (0.53), 0.39 , (0.15), 0.20 , (0.92), 0.26 , 0.15 , (0.05), 0.36 
9/1/1948, (7.44), (4.24), (3.13), (3.02), (3.23), (3.67), (3.93), (4.39), (4.50), (5.56)
10/1/1948, 4.11 , 4.67 , 5.11 , 4.53 , 4.00 , 5.22 , 6.23 , 6.51 , 5.61 , 7.15 
11/1/1948, (16.05), (11.07), (10.29), (8.35), (8.85), (9.33), (9.42), (10.26), (10.14), (12.85)
12/1/1948, (2.51), (0.18), (0.93), 0.28 , 1.23 , 1.43 , 1.64 , 3.10 , 3.91 , 4.47 
1/1/1949, 6.02 , 3.12 , 1.71 , 2.76 , 2.05 , 1.04 , 1.41 , 0.61 , 0.65 , (0.33)
2/1/1949, (6.03), (4.40), (4.48), (3.67), (2.99), (4.60), (2.71), (3.72), (4.04), (4.33)
3/1/1949, 7.78 , 6.72 , 7.24 , 4.94 , 6.23 , 4.02 , 5.44 , 5.08 , 5.33 , 7.11 
4/1/1949, (5.53), (4.87), (4.03), (3.77), (2.73), (2.89), (3.29), (1.76), (1.34), (1.23)
5/1/1949, (8.65), (6.34), (5.03), (4.64), (4.36), (3.25), (2.19), (3.87), (2.03), (2.53)
6/1/1949, (0.35), (0.56), (0.46), (0.58), (1.51), (1.84), (1.29), 0.27 , (1.25), (0.08)
7/1/1949, 7.32 , 7.15 , 6.70 , 7.04 , 6.55 , 5.91 , 5.70 , 5.05 , 5.41 , 5.69 
8/1/1949, 1.99 , 2.68 , 1.14 , 2.47 , 3.06 , 2.99 , 2.66 , 1.98 , 3.49 , 2.31 
9/1/1949, 7.30 , 5.39 , 4.30 , 3.91 , 3.35 , 2.79 , 3.69 , 3.43 , 3.63 , 5.14 
10/1/1949, 6.83 , 3.38 , 4.42 , 4.12 , 2.58 , 3.59 , 3.75 , 2.70 , 3.29 , 4.48 
11/1/1949, (3.73), 1.20 , 1.09 , 0.89 , 0.39 , 1.26 , 1.63 , 1.01 , 2.76 , 2.16 
12/1/1949, 9.00 , 9.08 , 7.49 , 7.99 , 5.29 , 6.03 , 5.98 , 6.64 , 6.93 , 6.65 
1/1/1950, 7.44 , 6.28 , 5.00 , 3.96 , 2.37 , 3.28 , 2.34 , 2.77 , 2.84 , 4.02 
2/1/1950, 0.42 , 2.05 , 1.56 , 0.33 , 0.72 , 1.74 , 1.25 , 1.71 , 3.94 , 2.55 
3/1/1950, (2.41), (0.81), (0.05), (0.11), (0.66), (0.18), (0.48), 0.85 , (0.43), 1.96 
4/1/1950, 7.48 , 6.99 , 4.34 , 4.26 , 5.36 , 4.67 , 2.78 , 4.54 , 4.18 , 4.14 
5/1/1950, 3.65 , 4.08 , 1.71 , 2.50 , 4.09 , 2.59 , 4.04 , 3.56 , 3.46 , 3.35 
6/1/1950, (6.76), (6.06), (7.27), (5.91), (7.14), (7.28), (7.42), (8.87), (9.53), (8.71)
7/1/1950, 5.72 , 6.03 , 2.73 , 5.13 , 5.80 , 5.57 , 6.23 , 7.13 , 6.43 , 1.84 
8/1/1950, 4.33 , 3.99 , 4.62 , 5.40 , 3.70 , 4.23 , 4.80 , 5.91 , 6.42 , 7.17 
9/1/1950, 6.96 , 5.15 , 6.50 , 5.09 , 4.54 , 5.01 , 5.41 , 5.34 , 5.19 , 5.54 
10/1/1950, (1.38), (2.25), (0.22), (0.01), (0.53), (0.72), (0.01), 0.12 , 0.34 , 0.29 
11/1/1950, 0.39 , 0.37 , 1.30 , 2.55 , 3.56 , 5.91 , 2.72 , 5.10 , 4.50 , 6.52 
12/1/1950, 5.84 , 5.50 , 6.58 , 7.26 , 9.22 , 7.89 , 9.53 , 10.01 , 10.64 , 13.30 
1/1/1951, 8.51 , 6.74 , 7.60 , 6.20 , 7.36 , 6.78 , 7.82 , 7.11 , 8.61 , 8.83 
2/1/1951, 2.16 , 2.38 , 1.89 , 0.64 , 1.51 , 0.84 , 0.28 , 0.30 , 0.72 , 0.91 
3/1/1951, (0.67), (2.89), (1.94), (2.48), (2.84), (3.49), (4.13), (4.84), (4.66), (6.19)
4/1/1951, 0.90 , 1.26 , 1.65 , 3.35 , 3.37 , 4.56 , 6.18 , 6.47 , 5.96 , 6.98 
5/1/1951, (2.50), (2.30), (1.90), (2.49), (3.08), (1.84), (2.84), (1.95), (2.49), (3.61)
6/1/1951, (3.54), (2.60), (2.65), (3.57), (4.24), (4.35), (5.73), (5.32), (5.54), (8.04)
7/1/1951, 2.32 , 3.88 , 3.72 , 4.60 , 5.24 , 5.46 , 7.48 , 9.16 , 10.07 , 10.97 
8/1/1951, 5.89 , 4.30 , 3.96 , 3.36 , 4.57 , 5.23 , 5.19 , 4.71 , 5.55 , 4.54 
9/1/1951, 0.97 , 2.32 , 1.82 , 3.02 , 1.87 , 1.82 , 2.71 , 3.84 , 2.17 , 2.21 
10/1/1951, (2.25), (2.43), (1.33), (1.59), (1.83), (3.79), (3.43), (2.57), (2.36), (2.74)
11/1/1951, (0.40), 0.46 , 0.12 , 0.94 , 0.88 , 0.61 , 1.51 , 1.11 , 1.38 , 0.70 
12/1/1951, 0.56 , 0.63 , 1.17 , 0.85 , 1.36 , 1.79 , 1.72 , 2.14 , 2.86 , 1.98 
1/1/1952, 1.13 , 0.53 , 1.10 , 2.44 , 2.00 , 1.76 , 0.95 , 2.62 , 1.80 , 2.53 
2/1/1952, (3.20), (2.27), (1.89), (1.29), (1.58), (0.61), (1.56), (1.84), (2.56), (3.49)
3/1/1952, 1.54 , 2.48 , 2.17 , 2.70 , 2.22 , 3.04 , 2.74 , 3.26 , 3.80 , 4.79 
4/1/1952, (5.85), (3.38), (3.49), (4.30), (3.32), (3.67), (3.77), (4.08), (5.37), (7.39)
5/1/1952, 1.75 , 1.36 , 2.32 , 1.96 , 2.26 , 2.64 , 2.94 , 2.66 , 3.19 , 2.76 
6/1/1952, 2.28 , 2.63 , 2.44 , 3.66 , 3.40 , 2.51 , 3.50 , 3.28 , 3.29 , 3.84 
7/1/1952, (0.06), 0.47 , 1.54 , 1.51 , 1.59 , 1.60 , 0.87 , 0.89 , 1.10 , 1.05 
8/1/1952, (0.17), (0.31), (0.17), 0.64 , (0.31), (0.42), 0.56 , 0.28 , 0.05 , (0.11)
9/1/1952, (3.37), (2.43), (1.96), (1.89), (1.61), (0.62), (0.31), (1.38), (0.46), (1.48)
10/1/1952, (2.54), (2.88), (1.85), (0.63), (1.73), (0.92), (1.10), 0.19 , (0.59), 0.68 
11/1/1952, 5.39 , 6.13 , 4.36 , 5.22 , 4.93 , 5.37 , 5.92 , 5.98 , 6.13 , 6.45 
12/1/1952, 0.81 , 1.13 , 1.26 , 1.74 , 3.53 , 2.64 , 2.76 , 3.66 , 2.41 , 2.66 
1/1/1953, 4.32 , 2.26 , 2.23 , 2.23 , 2.08 , 2.58 , 2.19 , 3.43 , 1.18 , 2.10 
2/1/1953, 1.52 , 0.97 , 0.90 , 0.40 , 1.31 , 1.33 , 0.82 , 1.73 , 1.11 , 2.03 
3/1/1953, (1.37), (1.53), (0.81), 0.09 , (0.26), (1.17), (1.53), (0.86), (1.05), (2.54)
4/1/1953, (4.35), (3.24), (2.44), (1.84), (2.07), (1.77), (1.82), (1.65), (2.17), (2.00)
5/1/1953, (0.41), (0.24), 0.10 , 0.98 , 0.67 , 0.54 , 0.55 , 1.35 , 1.09 , 1.60 
6/1/1953, (5.06), (2.14), (3.22), (3.30), (3.61), (3.12), (2.31), (3.38), (2.59), (3.43)
7/1/1953, 0.65 , 1.97 , 1.69 , 1.66 , 1.81 , 2.46 , 2.06 , 1.87 , 1.23 , 1.98 
8/1/1953, (7.13), (6.80), (5.55), (5.24), (3.58), (4.84), (4.35), (4.37), (4.40), (5.07)
9/1/1953, (4.24), (2.85), (1.15), (0.74), (1.31), (0.42), (0.89), (0.28), 0.58 , 0.40 
10/1/1953, 1.58 , 3.64 , 4.32 , 3.38 , 3.64 , 4.53 , 3.82 , 3.61 , 3.88 , 4.82 
11/1/1953, 1.28 , 1.23 , 1.45 , 0.89 , 2.92 , 1.95 , 2.81 , 3.16 , 2.75 , 3.40 
12/1/1953, (7.26), (4.16), (3.72), (1.58), (1.30), (0.88), 0.26 , 0.92 , 0.80 , 1.60 
1/1/1954, 13.10 , 10.39 , 8.98 , 7.56 , 7.30 , 6.45 , 5.06 , 4.17 , 4.20 , 4.09 
2/1/1954, (0.11), 0.10 , 1.86 , 0.61 , 1.05 , 1.11 , 2.04 , 1.71 , 2.37 , 2.24 
3/1/1954, 1.96 , 2.61 , 1.30 , 1.43 , 1.60 , 2.96 , 3.55 , 2.96 , 4.05 , 5.82 
4/1/1954, (2.52), (0.72), 0.21 , 1.42 , 1.37 , 2.99 , 3.36 , 1.96 , 3.99 , 4.31 
5/1/1954, 5.99 , 5.43 , 5.95 , 3.74 , 3.74 , 3.53 , 4.17 , 3.61 , 2.76 , 3.94 
6/1/1954, 0.25 , (0.81), 0.07 , 1.21 , 0.99 , 3.02 , 1.23 , 1.21 , 2.46 , 2.97 
7/1/1954, 9.62 , 7.81 , 7.24 , 6.58 , 6.90 , 5.72 , 6.38 , 7.83 , 6.37 , 7.94 
8/1/1954, (0.07), (0.05), (0.69), (0.62), (0.64), (0.21), (1.99), (1.50), (2.19), (1.05)
9/1/1954, 3.90 , 3.73 , 3.05 , 4.03 , 3.94 , 4.40 , 4.61 , 5.35 , 4.89 , 5.95 
10/1/1954, (2.00), (1.08), (0.79), (1.44), (0.68), (0.65), (1.02), (0.46), 0.56 , 0.31 
11/1/1954, 9.37 , 8.46 , 8.11 , 7.45 , 7.62 , 8.27 , 10.55 , 10.14 , 10.77 , 10.34 
12/1/1954, 12.90 , 10.76 , 7.39 , 8.02 , 7.68 , 8.73 , 8.56 , 8.44 , 7.80 , 8.66 
1/1/1955, 1.21 , 0.38 , 1.17 , 1.19 , 0.65 , 1.07 , 2.05 , 0.42 , 2.15 , 4.03 
2/1/1955, 4.00 , 2.95 , 3.48 , 3.47 , 3.08 , 4.41 , 5.20 , 6.00 , 4.89 , 5.35 
3/1/1955, (1.12), 0.17 , 0.10 , (0.03), (0.29), 0.34 , (0.17), (0.97), 1.64 , 1.45 
4/1/1955, 2.31 , 2.48 , 2.16 , 2.16 , 1.69 , 3.26 , 3.05 , 2.08 , 2.00 , 2.01 
5/1/1955, (0.20), 1.18 , 0.66 , 1.34 , 0.91 , 0.45 , 1.20 , 0.12 , 0.20 , 1.47 
6/1/1955, 2.18 , 3.11 , 2.50 , 3.21 , 3.45 , 3.77 , 4.90 , 3.72 , 3.98 , 4.63 
7/1/1955, 1.49 , 1.38 , 1.11 , 0.30 , 1.80 , 0.21 , 0.82 , 0.07 , 1.85 , (1.21)
8/1/1955, (0.94), (0.11), 0.01 , 0.39 , (0.03), 1.15 , 0.93 , 0.61 , 1.27 , 2.48 
9/1/1955, (1.02), (0.23), (1.07), (1.13), (1.54), (0.81), (1.60), (0.01), (1.07), 0.77 
10/1/1955, (2.22), (1.85), (1.82), (1.61), (1.21), (0.49), (1.15), (2.18), (1.50), (2.70)
11/1/1955, 5.34 , 3.78 , 3.38 , 4.43 , 5.37 , 5.51 , 5.47 , 6.34 , 7.22 , 8.06 
12/1/1955, 2.53 , 2.58 , 2.39 , 1.92 , 2.51 , 1.52 , 1.35 , 3.33 , 2.37 , 1.95 
1/1/1956, (1.04), (1.61), (1.44), (0.87), (1.94), (1.58), (3.28), (2.05), (2.35), (4.37)
2/1/1956, 2.82 , 2.63 , 1.89 , 3.22 , 2.95 , 3.01 , 3.00 , 3.39 , 5.19 , 5.28 
3/1/1956, 1.27 , 4.35 , 3.93 , 4.86 , 5.59 , 4.70 , 5.78 , 6.26 , 7.59 , 7.17 
4/1/1956, (0.43), (0.36), (0.47), (1.10), (0.46), 0.09 , 0.80 , 0.96 , 2.12 , 2.96 
5/1/1956, (4.55), (3.90), (2.85), (3.60), (2.57), (3.81), (4.03), (5.49), (5.76), (3.64)
6/1/1956, 0.34 , 0.69 , 1.64 , 0.98 , 2.02 , 1.53 , 2.33 , 3.57 , 3.63 , 4.73 
7/1/1956, 1.10 , 3.34 , 3.24 , 2.60 , 3.89 , 5.18 , 4.11 , 4.70 , 4.93 , 6.10 
8/1/1956, (1.86), (1.64), (1.66), (1.85), (1.26), (0.28), (1.56), (2.39), (3.09), (2.27)
9/1/1956, (4.51), (2.83), (3.06), (2.84), (2.33), (3.41), (3.87), (3.77), (5.09), (3.93)
10/1/1956, (1.09), (0.63), (0.52), 0.51 , 1.01 , 0.72 , 1.20 , 0.62 , 1.77 , 3.55 
11/1/1956, (2.36), 0.06 , (0.57), (0.34), 0.38 , 0.85 , 1.05 , 1.83 , 1.62 , 3.15 
12/1/1956, 0.21 , 0.34 , 0.35 , 2.07 , 1.37 , 1.86 , 2.05 , 4.48 , 4.32 , 5.95 
1/1/1957, 4.49 , 1.73 , 1.29 , 0.16 , 0.55 , 0.63 , (0.76), (0.88), (3.02), (1.21)
2/1/1957, (4.33), (2.98), (1.43), (1.05), (1.45), (1.52), (2.15), (2.88), (2.21), (2.77)
3/1/1957, 1.27 , 1.42 , 2.68 , 2.02 , 2.86 , 3.06 , 2.23 , 2.33 , 1.68 , 2.85 
4/1/1957, 1.70 , 2.24 , 1.90 , 3.00 , 2.41 , 1.35 , 2.99 , 2.51 , 3.41 , 4.52 
5/1/1957, 2.14 , 2.99 , 1.49 , 1.65 , 1.86 , 2.39 , 2.12 , 1.04 , 3.02 , 3.02 
6/1/1957, (0.25), (1.02), (1.29), (1.09), (0.79), (1.20), (0.94), (0.36), (1.45), 0.94 
7/1/1957, (0.61), 0.63 , 1.13 , 1.21 , 0.65 , 0.95 , 0.62 , 1.19 , (0.53), (0.67)
8/1/1957, (7.98), (5.87), (4.65), (3.93), (3.65), (2.28), (3.94), (4.73), (5.59), (5.85)
9/1/1957, (7.52), (7.18), (5.13), (4.70), (4.66), (4.60), (3.95), (3.64), (4.63), (6.75)
10/1/1957, (11.03), (8.06), (6.77), (5.70), (4.65), (5.07), (5.15), (4.74), (5.95), (6.52)
11/1/1957, 2.98 , 0.47 , (0.23), 0.95 , 0.89 , 1.83 , 1.71 , 3.51 , 3.88 , 4.59 
12/1/1957, (11.48), (8.86), (7.81), (7.33), (4.26), (3.49), (0.52), (1.26), (1.52), (0.80)
1/1/1958, 21.02 , 14.64 , 12.75 , 11.40 , 12.01 , 8.85 , 7.31 , 7.00 , 5.90 , 5.39 
2/1/1958, (4.72), (3.26), (3.11), (2.24), (0.87), (0.74), 0.38 , 0.36 , 1.26 , 1.72 
3/1/1958, 4.26 , 4.72 , 5.11 , 1.87 , 3.13 , 2.66 , 2.81 , 2.67 , 3.45 , 5.50 
4/1/1958, 4.01 , 2.71 , 2.18 , 2.11 , 2.48 , 3.71 , 2.27 , 2.65 , 4.41 , 4.66 
5/1/1958, 5.03 , 4.44 , 4.29 , 3.49 , 3.93 , 4.49 , 3.09 , 2.66 , 3.54 , 3.45 
6/1/1958, 6.96 , 3.39 , 2.76 , 4.07 , 2.93 , 1.79 , 2.39 , 2.87 , 1.58 , 3.52 
7/1/1958, 9.48 , 8.79 , 6.42 , 6.45 , 5.89 , 5.41 , 4.27 , 2.87 , 2.86 , 2.54 
8/1/1958, 1.65 , 3.52 , 2.59 , 2.86 , 3.22 , 3.70 , 3.84 , 2.03 , 2.22 , 4.41 
9/1/1958, 8.26 , 5.44 , 5.28 , 5.76 , 5.01 , 4.52 , 4.41 , 3.78 , 5.18 , 4.91 
10/1/1958, 2.27 , 1.01 , 2.02 , 1.20 , 3.61 , 2.77 , 3.81 , 3.84 , 4.66 , 7.45 
11/1/1958, 2.75 , 4.01 , 4.10 , 4.23 , 2.88 , 3.60 , 4.37 , 3.89 , 5.11 , 7.08 
12/1/1958, 3.97 , 4.63 , 4.66 , 3.10 , 4.34 , 3.00 , 4.39 , 3.21 , 3.47 , 3.95 
1/1/1959, 3.32 , 4.10 , 4.39 , 4.06 , 4.71 , 5.73 , 4.57 , 3.96 , 3.01 , 4.26 
2/1/1959, 2.32 , 1.43 , 0.97 , 1.50 , 2.66 , 1.88 , 4.24 , 3.61 , 3.99 , 5.46 
3/1/1959, 0.03 , 0.51 , 0.54 , 1.05 , 1.30 , 1.34 , 1.53 , 1.63 , 1.09 , 2.84 
4/1/1959, 0.35 , 1.43 , 1.34 , 1.24 , 1.35 , 2.51 , 3.75 , 5.27 , 4.15 , 5.22 
5/1/1959, (0.07), 0.32 , 0.94 , (0.28), 1.85 , 0.67 , 2.10 , 0.89 , 0.92 , 0.60 
6/1/1959, (2.17), (0.70), (0.11), 0.50 , 0.44 , (0.53), 0.61 , 2.16 , 2.81 , 2.05 
7/1/1959, 3.19 , 2.97 , 2.17 , 3.22 , 2.38 , 2.20 , 3.31 , 3.87 , 4.97 , 2.32 
8/1/1959, (3.10), (0.81), 0.48 , (0.26), (0.23), (0.60), (2.30), (2.16), (2.13), (3.19)
9/1/1959, (4.20), (5.85), (4.52), (3.89), (4.40), (4.35), (4.41), (5.10), (4.08), (4.34)
10/1/1959, (0.79), (0.28), 2.10 , 0.78 , 1.22 , 1.06 , 1.55 , 3.41 , 5.10 , 6.37 
11/1/1959, 0.88 , 0.72 , 0.33 , 1.26 , 1.17 , 0.75 , 2.69 , 1.03 , 2.31 , 4.22 
12/1/1959, 0.57 , 2.60 , 1.15 , 2.30 , 3.10 , 1.85 , 2.08 , 3.55 , 2.43 , 2.21 
1/1/1960, (1.83), (2.60), (2.75), (2.64), (3.40), (2.46), (5.09), (6.06), (5.71), (6.40)
2/1/1960, (2.10), (0.03), (0.25), 1.26 , 0.93 , 1.15 , 1.02 , 0.88 , 1.68 , 4.11 
3/1/1960, (5.74), (2.37), (2.01), (2.53), (2.83), (1.10), (1.96), (1.61), (1.21), (3.13)
4/1/1960, (4.29), (4.28), (2.72), (1.77), (1.25), (1.33), (1.54), (1.38), (2.05), 0.58 
5/1/1960, 0.93 , (0.20), 0.52 , 0.86 , 2.36 , 1.02 , 2.69 , 2.58 , 4.16 , 6.89 
6/1/1960, 0.11 , 2.87 , 0.46 , 1.93 , 3.00 , 1.31 , 1.86 , 2.74 , 3.42 , 3.99 
7/1/1960, (2.57), (0.48), (2.25), (1.34), (1.23), (1.11), (1.56), (1.74), (1.76), (4.30)
8/1/1960, 4.58 , 2.46 , 5.04 , 3.59 , 2.46 , 2.97 , 3.52 , 4.50 , 4.79 , 4.89 
9/1/1960, (9.04), (7.34), (5.96), (6.26), (5.03), (5.85), (4.00), (5.34), (4.68), (7.16)
10/1/1960, (5.33), (3.13), (2.81), (2.04), (1.49), (1.29), (1.05), (0.92), (0.95), (3.60)
11/1/1960, 2.87 , 3.88 , 3.03 , 3.49 , 3.77 , 4.58 , 4.64 , 6.47 , 4.72 , 8.47 
12/1/1960, 3.80 , 3.17 , 3.38 , 4.12 , 4.06 , 2.78 , 3.85 , 4.00 , 4.42 , 4.42 
1/1/1961, 12.77 , 12.26 , 9.75 , 8.61 , 7.87 , 5.97 , 7.11 , 6.68 , 6.60 , 3.67 
2/1/1961, 8.07 , 5.60 , 5.26 , 5.34 , 4.72 , 5.54 , 5.65 , 5.38 , 5.44 , 8.83 
3/1/1961, 5.62 , 3.43 , 3.92 , 4.01 , 5.17 , 3.59 , 3.96 , 4.76 , 5.90 , 7.91 
4/1/1961, (2.17), (0.07), (0.89), 0.26 , 1.37 , 1.47 , 0.98 , 2.50 , 1.75 , 2.02 
5/1/1961, 6.38 , 4.44 , 5.62 , 4.81 , 3.33 , 3.72 , 3.96 , 4.56 , 4.09 , 1.97 
6/1/1961, (5.60), (5.17), (4.19), (3.57), (4.00), (2.27), (4.17), (3.90), (3.44), (5.05)
7/1/1961, (0.89), 0.98 , 2.16 , 0.78 , 1.72 , 1.85 , 2.13 , 0.69 , 0.78 , 1.60 
8/1/1961, 1.90 , 0.74 , 1.31 , 1.62 , 2.06 , 2.53 , 2.67 , 1.84 , 3.10 , 4.20 
9/1/1961, (4.49), (4.15), (3.87), (2.52), (1.71), (1.82), (1.61), (2.58), (2.52), (2.80)
10/1/1961, (0.33), (0.12), 1.58 , 1.59 , 3.24 , 2.31 , 2.70 , 2.19 , 2.71 , 5.89 
11/1/1961, 5.04 , 3.39 , 3.44 , 4.35 , 3.96 , 4.49 , 4.14 , 5.01 , 5.87 , 7.28 
12/1/1961, 1.23 , 1.19 , (0.26), 0.32 , 0.54 , (0.60), (1.34), (1.80), (1.05), (1.94)
1/1/1962, 0.56 , 0.53 , (0.26), 1.05 , 0.22 , (0.05), (1.19), (1.62), (2.07), (3.79)
2/1/1962, 0.51 , 0.89 , 1.68 , 2.21 , 2.11 , 2.74 , 1.99 , 0.97 , 0.63 , 1.32 
3/1/1962, (3.32), (1.43), (1.11), (0.64), 0.19 , (0.54), 0.52 , 1.02 , (0.56), (0.22)
4/1/1962, (8.63), (8.16), (7.78), (7.09), (6.45), (5.40), (5.17), (5.80), (6.79), (6.24)
5/1/1962, (12.72), (9.90), (9.52), (9.03), (9.36), (7.12), (9.23), (9.55), (10.15), (11.21)
6/1/1962, (13.99), (11.91), (9.98), (9.16), (7.67), (6.77), (6.70), (6.91), (5.99), (5.30)
7/1/1962, 9.74 , 6.69 , 4.55 , 5.35 , 4.60 , 7.51 , 5.82 , 5.78 , 6.95 , 6.68 
8/1/1962, 5.44 , 2.75 , 2.25 , 3.09 , 2.35 , 2.01 , 3.30 , 2.09 , 1.56 , 3.27 
9/1/1962, (9.49), (8.07), (7.63), (6.28), (6.21), (5.53), (3.79), (4.42), (3.43), (5.25)
10/1/1962, (4.58), (1.97), (2.96), (3.29), (1.30), 0.17 , (1.16), (1.40), (1.71), (2.83)
11/1/1962, 21.61 , 18.80 , 16.03 , 14.20 , 13.50 , 12.09 , 10.92 , 10.19 , 10.39 , 10.30 
12/1/1962, (5.30), (4.44), (2.78), (1.46), (1.19), 0.29 , 0.91 , 1.20 , 1.70 , 2.06 
1/1/1963, 10.52 , 8.98 , 9.85 , 7.29 , 7.90 , 7.05 , 6.40 , 6.68 , 6.37 , 7.21 
2/1/1963, (3.99), (2.84), (2.41), (2.17), (1.61), (0.72), 0.05 , (0.34), (0.42), 0.04 
3/1/1963, (0.26), 0.92 , 2.23 , 1.23 , 2.59 , 1.94 , 3.40 , 2.08 , 2.46 , 3.54 
4/1/1963, 2.66 , 3.80 , 3.65 , 4.36 , 3.54 , 4.02 , 3.82 , 4.98 , 4.24 , 3.70 
5/1/1963, 3.54 , 3.43 , 2.62 , 3.29 , 2.22 , 3.22 , 3.40 , 3.53 , 3.45 , 4.45 
6/1/1963, (2.17), (1.92), (1.89), (1.82), (1.68), (1.43), (2.02), (0.73), (0.70), (1.61)
7/1/1963, (2.22), (0.57), (1.79), (0.77), (0.69), (0.25), (1.40), (0.77), (0.47), (0.59)
8/1/1963, 3.17 , 2.62 , 3.63 , 3.43 , 4.83 , 4.19 , 4.38 , 4.93 , 5.30 , 8.18 
9/1/1963, (1.73), (0.27), (0.91), 0.16 , (1.20), (0.52), (1.26), (2.37), (1.59), (0.89)
10/1/1963, 0.88 , 0.18 , (0.36), -   , 0.87 , 2.65 , 1.41 , 2.12 , 2.96 , 3.77 
11/1/1963, (3.57), (1.19), (1.17), (0.88), (1.33), (0.92), (0.51), (0.84), (0.92), (1.75)
12/1/1963, (4.28), (1.94), (0.63), 0.64 , 1.12 , 0.28 , 1.66 , 2.04 , 1.06 , (0.33)
1/1/1964, 5.19 , 2.64 , 3.96 , 2.52 , 2.14 , 2.83 , 3.23 , 3.85 , 1.85 , 3.57 
2/1/1964, 2.92 , 2.94 , 2.38 , 1.59 , 2.04 , 2.53 , 2.32 , 2.35 , 2.81 , 3.54 
3/1/1964, 0.94 , 2.65 , 4.16 , 2.99 , 3.16 , 2.87 , 3.23 , 3.09 , 3.45 , 3.27 
4/1/1964, 0.53 , (1.27), 0.99 , (0.28), 0.97 , 0.57 , (0.55), (0.37), 0.16 , (0.24)
5/1/1964, (1.67), 0.34 , 0.72 , 0.92 , 0.46 , 1.49 , 1.67 , 1.17 , 1.48 , 2.47 
6/1/1964, 0.36 , 0.64 , 0.65 , 1.23 , 1.34 , 1.76 , 1.55 , 1.20 , 1.26 , 1.13 
7/1/1964, 2.75 , 2.34 , 3.26 , 3.22 , 3.77 , 3.30 , 2.85 , 2.91 , 3.43 , 2.38 
8/1/1964, (0.98), 0.01 , 0.27 , 0.20 , (0.64), (1.00), (0.38), (0.97), (0.99), (0.88)
9/1/1964, 4.23 , 2.41 , 6.17 , 3.66 , 2.79 , 2.27 , 3.68 , 4.29 , 3.67 , 4.85 
10/1/1964, 0.38 , 1.27 , 2.51 , 1.27 , 2.94 , 1.03 , 2.72 , 2.56 , 2.67 , 2.72 
11/1/1964, (2.80), (0.46), 0.81 , 1.03 , 1.55 , 0.10 , 1.43 , (0.15), 0.28 , -   
12/1/1964, (3.28), (0.52), (1.44), (0.82), (0.95), (0.79), (0.51), (1.28), (1.32), (1.90)
1/1/1965, 11.23 , 7.32 , 6.24 , 5.13 , 5.98 , 6.71 , 6.64 , 5.99 , 6.23 , 7.80 
2/1/1965, 3.67 , 3.54 , 2.94 , 1.75 , 3.51 , 3.08 , 3.52 , 2.86 , 3.62 , 4.22 
3/1/1965, 1.70 , 2.54 , 1.22 , 1.34 , (0.44), 0.09 , 0.59 , 1.85 , 1.50 , 2.45 
4/1/1965, 3.14 , 3.49 , 4.09 , 3.63 , 3.42 , 4.03 , 3.98 , 5.00 , 5.58 , 5.11 
5/1/1965, (1.64), (1.00), (0.98), (0.92), (1.17), (0.34), (0.27), 0.01 , (0.67), 0.79 
6/1/1965, (9.40), (7.12), (6.28), (6.77), (6.13), (7.32), (8.39), (8.80), (9.76), (10.99)
7/1/1965, 0.90 , 1.28 , 2.28 , 2.27 , 2.78 , 2.26 , 2.95 , 4.14 , 4.62 , 5.15 
8/1/1965, 3.81 , 4.16 , 3.66 , 2.70 , 2.86 , 3.18 , 4.13 , 5.08 , 5.46 , 5.70 
9/1/1965, 0.58 , 1.44 , 2.41 , 2.77 , 2.37 , 2.01 , 3.59 , 4.10 , 4.97 , 4.08 
10/1/1965, 6.62 , 5.54 , 3.59 , 4.36 , 4.21 , 6.08 , 5.32 , 5.95 , 6.45 , 8.93 
11/1/1965, 3.66 , 4.10 , 1.45 , 2.96 , 3.60 , 5.00 , 6.17 , 4.05 , 6.57 , 9.29 
12/1/1965, 5.39 , 4.18 , 3.10 , 2.91 , 4.39 , 3.77 , 4.53 , 4.39 , 3.28 , 4.78 
1/1/1966, 8.10 , 5.80 , 3.48 , 4.14 , 5.65 , 5.41 , 5.82 , 5.73 , 7.88 , 9.32 
2/1/1966, 2.87 , (0.37), 0.72 , 1.30 , 1.62 , 2.09 , 3.25 , 2.73 , 4.08 , 9.03 
3/1/1966, (0.58), (1.22), (1.47), (1.10), (1.50), (1.51), (0.48), (1.22), (1.53), 0.89 
4/1/1966, 0.06 , 0.52 , 1.87 , 3.87 , 3.58 , 4.79 , 6.16 , 6.05 , 7.09 , 9.59 
5/1/1966, (8.03), (5.46), (4.93), (5.33), (7.15), (7.63), (8.72), (8.88), (10.90), (15.02)
6/1/1966, (2.05), (1.34), (1.55), (0.79), (0.46), (1.79), (0.97), 0.40 , 0.42 , 1.26 
7/1/1966, (1.90), 0.06 , (1.26), (1.12), (1.29), (2.17), (1.36), (1.96), (1.66), (2.09)
8/1/1966, (11.13), (9.17), (7.73), (8.68), (8.66), (9.37), (10.17), (10.72), (10.93), (12.18)
9/1/1966, (1.72), (1.08), (0.70), (1.67), (1.09), (1.43), (1.81), (2.45), (2.13), (2.56)
10/1/1966, (2.71), 2.33 , 2.62 , 1.51 , 1.41 , 0.07 , (0.41), (1.55), (3.01), (7.02)
11/1/1966, 4.82 , 2.85 , 0.92 , 1.07 , 1.73 , 3.87 , 2.61 , 2.62 , 5.83 , 9.54 
12/1/1966, 0.23 , 0.83 , 2.05 , 1.56 , 1.26 , 1.11 , 2.29 , 2.32 , 1.54 , 3.49 
1/1/1967, 29.21 , 20.06 , 19.54 , 15.04 , 16.03 , 12.78 , 12.34 , 12.20 , 13.92 , 15.07 
2/1/1967, 6.22 , 4.18 , 3.25 , 3.10 , 4.00 , 3.29 , 3.30 , 2.51 , 4.84 , 5.90 
3/1/1967, 4.72 , 5.15 , 5.19 , 6.12 , 5.87 , 4.23 , 7.26 , 5.51 , 6.54 , 8.88 
4/1/1967, 2.60 , 2.91 , 4.54 , 5.20 , 2.70 , 3.55 , 3.75 , 5.37 , 5.15 , 6.21 
5/1/1967, (0.81), 0.29 , 0.17 , (0.60), 0.50 , (1.97), (2.09), 0.41 , (1.53), (1.62)
6/1/1967, 8.09 , 5.87 , 4.66 , 4.83 , 7.37 , 5.22 , 8.30 , 9.54 , 11.74 , 14.68 
7/1/1967, 11.17 , 9.29 , 7.89 , 6.71 , 6.79 , 8.19 , 9.17 , 8.28 , 7.32 , 8.81 
8/1/1967, 2.05 , 0.71 , 2.56 , 1.07 , 1.74 , 0.36 , 1.15 , 0.76 , 0.61 , (1.37)
9/1/1967, 4.75 , 4.00 , 5.01 , 4.12 , 6.36 , 5.67 , 6.42 , 6.59 , 9.68 , 7.92 
10/1/1967, (4.24), (3.37), (2.67), (2.89), (2.48), (2.87), (2.61), (1.08), (0.38), 0.01 
11/1/1967, 0.56 , (1.03), 0.97 , (0.68), (1.12), 0.61 , 1.14 , 0.60 , (0.74), 0.23 
12/1/1967, 3.72 , 5.57 , 4.30 , 6.10 , 4.83 , 7.57 , 7.77 , 7.12 , 9.98 , 13.62 
1/1/1968, 1.54 , 0.75 , 2.91 , 1.41 , 3.64 , 2.70 , 2.51 , 2.67 , 2.39 , 2.84 
2/1/1968, (4.92), (2.86), (2.21), (3.44), (4.17), (5.07), (4.66), (6.07), (6.41), (9.39)
3/1/1968, (2.56), (0.90), (1.55), (0.46), (0.34), (0.96), (1.98), (0.54), (0.33), (0.60)
4/1/1968, 13.90 , 9.04 , 9.84 , 9.91 , 10.69 , 11.95 , 12.99 , 14.38 , 16.58 , 20.13 
5/1/1968, 7.56 , 4.65 , 6.92 , 7.15 , 6.65 , 7.50 , 7.80 , 8.80 , 11.07 , 15.73 
6/1/1968, 1.20 , 3.50 , 2.91 , 1.84 , 2.58 , 2.37 , 1.87 , 0.54 , 1.92 , 0.15 
7/1/1968, (5.31), (2.60), (2.24), (3.70), (1.63), (2.07), (2.13), (2.58), (2.96), (2.33)
8/1/1968, 0.76 , 1.38 , 2.71 , 2.27 , 3.50 , 3.51 , 3.48 , 4.06 , 4.87 , 6.46 
9/1/1968, 8.06 , 6.46 , 6.75 , 5.06 , 5.45 , 4.97 , 5.32 , 6.80 , 7.23 , 9.61 
10/1/1968, (0.02), 1.42 , 1.79 , 0.67 , 1.95 , 1.07 , 2.38 , 0.32 , 2.29 , (0.92)
11/1/1968, 8.00 , 6.48 , 7.86 , 6.39 , 8.74 , 6.58 , 6.41 , 5.83 , 7.07 , 8.66 
12/1/1968, (1.91), 0.11 , (0.43), 0.90 , 0.87 , 1.24 , 1.08 , 0.67 , 1.21 , 0.90 
1/1/1969, (0.95), 0.61 , 0.32 , (0.66), 0.08 , (0.95), (0.42), (0.72), 0.09 , (0.80)
2/1/1969, (10.33), (6.89), (6.27), (6.79), (6.93), (7.33), (8.44), (8.53), (8.78), (11.14)
3/1/1969, (0.64), (0.35), 0.55 , 0.24 , 0.86 , 1.21 , 2.35 , 3.11 , 3.50 , 5.14 
4/1/1969, (0.86), 0.23 , (0.30), 0.13 , (0.41), 1.39 , 0.96 , 0.58 , 1.11 , 0.86 
5/1/1969, (1.40), 0.29 , (0.38), (0.18), 1.79 , 0.06 , (0.19), 0.67 , 0.09 , 2.47 
6/1/1969, (13.71), (12.15), (10.88), (10.56), (9.80), (8.82), (9.86), (9.49), (11.06), (13.76)
7/1/1969, (12.67), (11.54), (9.55), (7.59), (7.04), (7.38), (7.63), (8.59), (9.30), (10.20)
8/1/1969, 4.97 , 4.53 , 4.85 , 3.31 , 3.62 , 3.82 , 4.23 , 4.94 , 6.62 , 8.34 
9/1/1969, (4.38), (3.78), (3.23), (2.25), (1.86), (2.78), (1.90), (2.42), (1.08), (0.94)
10/1/1969, 15.39 , 10.80 , 9.90 , 7.38 , 7.47 , 7.77 , 6.81 , 6.87 , 7.38 , 6.99 
11/1/1969, (9.06), (7.13), (6.84), (4.55), (6.29), (5.91), (4.56), (3.51), (3.13), (2.32)
12/1/1969, (12.70), (10.14), (8.57), (8.63), (6.70), (5.40), (3.58), (3.86), (1.93), (2.13)
1/1/1970, (0.74), (1.03), (2.64), (3.84), (4.71), (5.68), (4.83), (6.17), (7.60), (6.34)
2/1/1970, 3.04 , 3.35 , 4.45 , 4.30 , 5.03 , 4.99 , 4.92 , 5.61 , 6.27 , 4.14 
3/1/1970, (3.74), (2.84), (1.75), (1.19), (0.71), 0.02 , (1.02), (0.94), (2.55), (5.20)
4/1/1970, (20.76), (17.60), (16.58), (15.28), (14.18), (12.15), (10.88), (13.98), (15.29), (17.67)
5/1/1970, (7.68), (9.56), (8.73), (8.87), (10.66), (9.32), (8.18), (9.82), (9.00), (9.61)
6/1/1970, (12.00), (10.82), (8.95), (6.62), (6.51), (6.63), (5.69), (4.39), (2.23), (2.02)
7/1/1970, 4.03 , 4.96 , 6.70 , 7.17 , 6.68 , 6.78 , 7.22 , 6.59 , 6.21 , 5.04 
8/1/1970, 9.45 , 9.19 , 6.55 , 6.65 , 5.35 , 5.57 , 4.86 , 4.30 , 2.95 , 2.80 
9/1/1970, 23.51 , 17.95 , 14.71 , 12.23 , 9.73 , 7.10 , 5.68 , 5.43 , 5.20 , 7.76 
10/1/1970, (13.55), (11.05), (7.45), (4.44), (4.01), (1.38), (1.48), (1.54), 0.61 , (1.00)
11/1/1970, (5.19), (1.71), (0.80), 0.43 , 1.94 , 2.36 , 3.62 , 4.48 , 4.26 , 4.23 
12/1/1970, 6.62 , 9.33 , 8.24 , 8.72 , 9.75 , 9.91 , 8.62 , 7.70 , 7.33 , 6.74 
1/1/1971, 21.64 , 18.66 , 18.34 , 13.78 , 9.71 , 10.29 , 9.11 , 7.76 , 7.00 , 7.05 
2/1/1971, 8.59 , 4.36 , 4.30 , 3.53 , 3.74 , 3.22 , 2.60 , 1.96 , 2.12 , 5.48 
3/1/1971, 5.45 , 5.71 , 5.99 , 6.98 , 4.89 , 5.71 , 3.32 , 6.17 , 4.99 , 6.88 
4/1/1971, 1.17 , 2.32 , 3.49 , 3.19 , 2.73 , 1.98 , 2.60 , 3.31 , 4.31 , 2.92 
5/1/1971, (7.16), (5.10), (5.06), (5.34), (5.41), (4.20), (4.18), (5.42), (4.68), (3.66)
6/1/1971, (4.73), (2.73), (1.78), (2.84), (1.48), (1.56), (1.62), (1.16), 0.28 , 0.87 
7/1/1971, (6.81), (3.77), (3.45), (4.18), (4.87), (4.73), (5.14), (6.03), (6.68), (7.66)
8/1/1971, 1.33 , 2.18 , 1.43 , 3.54 , 4.38 , 5.75 , 5.59 , 5.61 , 5.61 , 7.60 
9/1/1971, (3.80), (1.26), (2.26), (0.87), (1.43), 0.48 , (0.50), 0.24 , 0.53 , 2.22 
10/1/1971, (7.44), (6.01), (5.99), (4.45), (4.64), (5.34), (5.82), (5.41), (5.62), (5.55)
11/1/1971, (5.22), (4.42), (4.04), (2.69), (2.66), (2.58), (2.93), (2.19), (2.37), (2.31)
12/1/1971, 13.65 , 12.72 , 11.30 , 11.04 , 10.89 , 11.62 , 10.51 , 12.08 , 10.95 , 12.80 
1/1/1972, 17.25 , 11.56 , 11.98 , 8.20 , 9.50 , 7.50 , 7.71 , 7.92 , 9.09 , 9.94 
2/1/1972, 4.66 , 4.33 , 1.29 , 2.66 , 3.10 , 2.98 , 6.79 , 4.66 , 4.61 , 6.16 
3/1/1972, (2.23), (0.56), (0.65), 0.85 , 0.42 , 0.36 , 0.55 , 0.03 , 0.80 , 1.37 
4/1/1972, (3.13), 0.50 , (1.18), 0.40 , 0.67 , 0.23 , 1.06 , 0.86 , 1.74 , 2.70 
5/1/1972, (4.60), (2.90), (3.19), (2.33), (1.83), (1.93), (1.24), (1.58), 0.21 , 0.83 
6/1/1972, (5.11), (3.89), (3.24), (3.03), (2.27), (2.98), (3.56), (3.62), (3.02), (2.72)
7/1/1972, (4.99), (3.34), (2.90), (2.49), (2.54), (2.41), (1.59), (2.89), (2.03), (3.06)
8/1/1972, 0.76 , 3.77 , 2.35 , 3.08 , 1.88 , 1.95 , 0.58 , 1.06 , 1.28 , (1.47)
9/1/1972, (5.63), (4.00), (2.58), (1.94), (2.48), (3.78), (2.33), (3.10), (2.69), (2.48)
10/1/1972, (3.51), (2.68), (0.64), (0.65), (0.07), (1.05), 0.43 , (1.78), (1.14), (1.08)
11/1/1972, 5.36 , 5.96 , 6.54 , 6.12 , 5.19 , 5.10 , 5.57 , 3.90 , 4.79 , 3.16 
12/1/1972, (6.47), (4.09), (3.18), (2.03), (1.98), (2.02), (0.45), (0.66), (0.13), 1.56 
1/1/1973, (4.56), (3.51), (4.01), (3.37), (3.58), (4.33), (3.64), (4.92), (3.52), (4.16)
2/1/1973, (8.74), (8.32), (8.16), (6.48), (5.72), (5.44), (6.36), (6.04), (6.85), (8.64)
3/1/1973, (4.85), (3.68), (2.55), (2.41), (3.02), (2.87), (2.82), (1.77), (1.30), 1.10 
4/1/1973, (11.83), (9.33), (7.81), (7.35), (7.15), (5.65), (3.73), (3.48), (4.22), (5.18)
5/1/1973, (12.03), (10.95), (10.86), (10.24), (7.12), (7.58), (5.73), (3.98), (3.38), (3.79)
6/1/1973, (6.42), (5.18), (3.71), (2.88), (3.47), (1.75), (2.62), (0.37), (1.71), (1.44)
7/1/1973, 19.72 , 16.12 , 14.47 , 12.21 , 13.30 , 9.39 , 8.93 , 7.09 , 3.82 , 7.61 
8/1/1973, (9.36), (7.72), (5.09), (4.93), (4.07), (3.20), (3.20), (2.40), (1.49), (1.21)
9/1/1973, 8.90 , 9.56 , 9.45 , 10.27 , 9.58 , 10.27 , 8.41 , 7.35 , 7.71 , 8.64 
10/1/1973, (3.41), (1.26), (1.51), 0.62 , 0.86 , 0.36 , 0.88 , 0.26 , 2.91 , 4.92 
11/1/1973, (23.92), (21.54), (20.40), (18.09), (17.35), (14.98), (14.75), (13.84), (15.64), (14.05)
12/1/1973, (11.28), (9.25), (5.36), (4.82), (2.62), (2.19), (0.92), 0.79 , 4.43 , 6.74 
1/1/1974, 25.20 , 20.04 , 15.62 , 12.58 , 12.80 , 10.86 , 7.67 , 7.89 , 6.56 , 4.36 
2/1/1974, (0.87), 1.18 , 1.73 , 1.28 , 1.96 , 0.51 , 0.41 , 1.84 , 0.59 , (0.24)
3/1/1974, 2.93 , 3.12 , 2.04 , 0.87 , 1.06 , 0.31 , (0.44), (0.08), (0.89), (3.09)
4/1/1974, (7.01), (6.04), (5.32), (4.81), (5.58), (5.23), (4.72), (3.90), (4.25), (5.27)
5/1/1974, (8.66), (7.73), (7.52), (6.98), (6.60), (6.25), (5.80), (6.79), (6.87), (7.86)
6/1/1974, (3.86), (4.59), (3.70), (3.22), (3.22), (2.73), (3.39), (2.21), (1.93), (1.43)
7/1/1974, (7.31), (5.59), (5.04), (5.28), (4.74), (4.47), (5.78), (4.77), (4.71), (4.16)
8/1/1974, (10.38), (8.67), (9.15), (8.19), (8.28), (8.99), (7.38), (6.93), (7.11), (5.58)
9/1/1974, (10.48), (8.77), (9.08), (7.21), (8.05), (7.03), (7.43), (6.21), (6.32), (7.90)
10/1/1974, 8.65 , 8.99 , 9.57 , 9.98 , 8.81 , 7.01 , 8.79 , 8.61 , 8.07 , 12.86 
11/1/1974, (8.23), (6.41), (5.12), (5.50), (4.70), (5.24), (4.34), (3.89), (2.88), (2.55)
12/1/1974, (10.33), (10.19), (8.50), (7.06), (8.32), (6.95), (6.30), (6.30), (6.26), (5.57)
1/1/1975, 45.33 , 36.18 , 36.20 , 29.94 , 29.78 , 26.71 , 24.78 , 22.20 , 23.22 , 18.32 
2/1/1975, 5.98 , 7.23 , 5.73 , 5.13 , 5.94 , 4.83 , 6.11 , 5.18 , 4.51 , 5.92 
3/1/1975, 14.72 , 10.52 , 9.37 , 5.64 , 5.05 , 6.44 , 5.52 , 5.66 , 7.10 , 7.38 
4/1/1975, 2.62 , 2.27 , 3.52 , 2.08 , 3.03 , 3.01 , 3.47 , 3.74 , 5.16 , 6.86 
5/1/1975, 9.19 , 7.79 , 7.84 , 7.03 , 6.68 , 5.92 , 6.02 , 7.15 , 8.28 , 8.10 
6/1/1975, 9.07 , 6.50 , 7.58 , 6.85 , 6.90 , 8.43 , 6.76 , 6.74 , 6.33 , 6.73 
7/1/1975, 0.70 , 0.69 , (0.41), (0.82), (1.21), (3.02), (3.07), (1.19), (2.77), (1.89)
8/1/1975, (5.22), (4.72), (3.86), (4.42), (4.58), (5.09), (5.14), (4.89), (5.59), (4.67)
9/1/1975, (4.03), (3.58), (3.34), (3.76), (3.74), (3.00), (3.29), (4.20), (4.41), (3.53)
10/1/1975, (0.91), 1.25 , 1.77 , 2.26 , 2.50 , 2.90 , 2.96 , 2.35 , 2.95 , 2.88 
11/1/1975, 0.97 , 1.74 , 1.51 , 2.40 , 2.17 , 2.09 , 2.90 , 2.34 , 2.38 , 2.77 
12/1/1975, 0.06 , 0.57 , (0.12), (0.53), (0.88), (0.40), (0.39), (1.34), (0.83), (1.76)
1/1/1976, 16.51 , 16.98 , 18.00 , 19.36 , 19.88 , 19.79 , 21.68 , 19.03 , 21.52 , 23.39 
2/1/1976, 16.02 , 11.47 , 10.05 , 8.30 , 9.03 , 7.84 , 9.13 , 9.84 , 9.11 , 10.41 
3/1/1976, 2.16 , 2.22 , 1.15 , 1.03 , 1.52 , 2.97 , 2.50 , 2.78 , 2.60 , 2.19 
4/1/1976, (0.01), (0.34), (0.68), 0.20 , (0.78), 0.07 , (1.06), (0.39), (0.69), (1.87)
5/1/1976, (0.65), (0.89), (1.38), (1.40), (1.06), (0.99), (2.33), (2.44), (2.91), (4.55)
6/1/1976, 2.05 , 2.91 , 3.95 , 2.88 , 3.27 , 2.62 , 2.94 , 2.88 , 3.90 , 2.88 
7/1/1976, 0.25 , 0.07 , 0.60 , 0.47 , 0.73 , 0.34 , 0.64 , 0.67 , (0.25), (0.01)
8/1/1976, (2.92), (1.68), (1.15), 0.05 , (0.63), (0.88), (1.26), (1.00), (1.63), (2.56)
9/1/1976, 0.78 , 1.51 , 1.90 , 1.27 , 2.81 , 2.10 , 2.57 , 2.32 , 2.06 , 2.47 
10/1/1976, (2.94), (0.85), (1.99), (2.34), (2.30), (1.74), (1.66), (2.43), (1.62), (2.31)
11/1/1976, 1.20 , 1.36 , 2.33 , 2.96 , 2.73 , 2.95 , 3.42 , 3.22 , 3.62 , 3.57 
12/1/1976, 12.22 , 10.15 , 10.33 , 8.90 , 8.15 , 9.19 , 9.58 , 9.38 , 9.98 , 9.60 
1/1/1977, 3.25 , 3.51 , 2.38 , 1.51 , 3.29 , 4.34 , 3.20 , 3.54 , 3.72 , 4.67 
2/1/1977, (0.21), 0.16 , 0.24 , (0.07), (0.09), (0.64), 1.09 , (0.34), 0.84 , 1.08 
3/1/1977, 1.34 , 0.62 , 0.77 , 0.48 , 1.12 , 0.37 , 0.79 , 1.14 , 1.56 , 1.39 
4/1/1977, 0.80 , (0.05), 0.95 , 0.97 , 1.63 , 2.12 , 2.41 , 2.62 , 2.53 , 2.98 
5/1/1977, (0.33), 0.32 , (0.13), 0.05 , 1.43 , 0.05 , 1.41 , 0.39 , (0.39), 1.00 
6/1/1977, 4.17 , 5.13 , 5.06 , 5.31 , 5.60 , 5.01 , 4.69 , 5.39 , 6.30 , 7.02 
7/1/1977, 2.30 , 0.29 , 1.01 , 0.69 , 0.81 , 1.17 , 0.81 , 1.10 , 1.26 , 0.95 
8/1/1977, (1.02), 0.38 , (0.41), (0.21), (0.98), (0.93), (0.97), 0.13 , (0.38), 0.26 
9/1/1977, (0.02), 0.09 , 1.49 , 1.18 , 1.25 , 1.06 , 1.80 , 1.30 , 2.06 , 1.76 
10/1/1977, (2.73), (2.35), (2.32), (2.41), (2.56), (1.22), (1.81), (2.21), (1.86), (2.99)
11/1/1977, 6.87 , 5.83 , 5.83 , 6.27 , 6.24 , 6.19 , 6.27 , 8.69 , 8.40 , 8.63 
12/1/1977, 1.47 , 0.77 , 0.83 , 0.70 , 2.31 , 1.63 , 1.76 , 1.81 , 3.00 , 3.10 
1/1/1978, 1.33 , (0.99), (0.77), (2.35), (2.15), (0.96), (2.03), (1.93), (1.85), (1.31)
2/1/1978, 1.46 , 2.66 , 1.43 , 2.57 , 2.33 , 2.22 , 2.31 , 3.35 , 3.91 , 2.83 
3/1/1978, 7.40 , 4.99 , 6.76 , 6.21 , 5.26 , 5.69 , 6.24 , 7.15 , 7.23 , 8.18 
4/1/1978, 9.06 , 8.21 , 7.28 , 8.19 , 6.38 , 6.19 , 6.83 , 8.41 , 9.13 , 8.97 
5/1/1978, 8.46 , 7.50 , 5.15 , 5.59 , 4.27 , 4.49 , 5.93 , 7.31 , 6.88 , 9.69 
6/1/1978, (0.37), 0.72 , 1.33 , 0.72 , 0.53 , 0.71 , 0.49 , 1.45 , 0.95 , 2.00 
7/1/1978, 3.86 , 3.94 , 4.17 , 3.23 , 3.51 , 5.19 , 5.80 , 5.58 , 6.03 , 7.13 
8/1/1978, 9.43 , 6.64 , 7.14 , 6.21 , 7.78 , 7.80 , 7.98 , 8.44 , 10.52 , 12.84 
9/1/1978, 1.97 , 1.05 , 1.52 , 0.10 , 1.87 , 0.52 , (0.16), (0.67), 0.31 , (0.78)
10/1/1978, (15.57), (13.20), (11.23), (13.46), (14.12), (16.44), (18.37), (19.29), (21.95), (25.84)
11/1/1978, 0.01 , 1.88 , 2.17 , 2.28 , 2.81 , 3.53 , 4.69 , 5.05 , 6.21 , 8.86 
12/1/1978, 0.31 , 0.59 , (0.25), (0.58), 1.17 , 1.42 , 1.69 , 1.47 , 1.75 , 2.61 
1/1/1979, 12.33 , 8.74 , 9.06 , 8.41 , 8.24 , 7.00 , 8.60 , 8.69 , 9.28 , 10.38 
2/1/1979, (1.28), (2.27), (1.40), (1.74), (1.92), (1.71), (1.57), (1.59), (2.06), (3.46)
3/1/1979, 9.07 , 6.72 , 6.64 , 5.91 , 6.35 , 7.54 , 8.75 , 8.57 , 9.62 , 10.06 
4/1/1979, 3.81 , 1.13 , 1.76 , 1.71 , 2.91 , 1.60 , 3.10 , 2.09 , 2.93 , 3.67 
5/1/1979, (1.35), (0.71), (0.66), (0.70), (0.31), 0.09 , (2.15), (0.55), (1.00), (1.18)
6/1/1979, 5.41 , 4.83 , 4.48 , 5.30 , 5.20 , 4.43 , 6.06 , 5.62 , 6.54 , 6.11 
7/1/1979, 2.00 , 2.05 , 2.81 , 2.91 , 3.10 , 2.40 , 2.72 , 2.06 , 1.78 , 1.68 
8/1/1979, 8.34 , 8.62 , 6.30 , 7.12 , 6.81 , 6.87 , 5.93 , 7.49 , 8.44 , 8.41 
9/1/1979, (2.40), (0.86), (0.93), 0.83 , (1.00), (0.66), (0.08), 0.01 , 0.60 , 2.31 
10/1/1979, (11.29), (10.00), (9.25), (8.38), (9.29), (8.88), (8.88), (8.59), (9.41), (9.21)
11/1/1979, 2.74 , 2.83 , 3.66 , 4.18 , 5.19 , 6.62 , 7.26 , 7.91 , 11.22 , 13.71 
12/1/1979, 5.37 , 4.89 , 3.70 , 3.76 , 4.28 , 5.89 , 7.04 , 7.26 , 8.48 , 11.79 
1/1/1980, 10.57 , 8.50 , 5.84 , 6.80 , 6.27 , 8.71 , 10.20 , 11.69 , 12.45 , 13.71 
2/1/1980, (1.45), (2.34), (2.12), (2.96), (2.42), (3.10), (2.21), (0.57), 0.16 , 3.45 
3/1/1980, (16.41), (12.08), (12.67), (12.89), (13.75), (14.92), (15.41), (18.26), (18.10), (22.60)
4/1/1980, 4.36 , 6.47 , 5.34 , 4.72 , 3.67 , 4.26 , 5.80 , 5.45 , 6.46 , 7.02 
5/1/1980, 8.15 , 7.44 , 7.90 , 7.36 , 7.31 , 7.15 , 6.48 , 7.34 , 6.04 , 7.11 
6/1/1980, 4.12 , 4.10 , 3.94 , 3.98 , 3.89 , 3.91 , 3.59 , 3.94 , 5.89 , 5.37 
7/1/1980, 9.03 , 7.84 , 7.92 , 7.43 , 7.08 , 7.78 , 9.46 , 10.49 , 11.81 , 12.29 
8/1/1980, 7.45 , 4.63 , 4.40 , 4.33 , 4.64 , 4.32 , 5.89 , 7.84 , 8.41 , 9.95 
9/1/1980, 5.85 , 3.98 , 3.38 , 1.87 , 1.78 , 2.99 , 3.62 , 4.84 , 5.52 , 7.39 
10/1/1980, 2.79 , 1.34 , 0.47 , 1.21 , 1.90 , 2.81 , 3.36 , 4.75 , 6.93 , 8.83 
11/1/1980, 2.06 , 0.84 , 1.15 , 2.86 , 5.49 , 5.04 , 6.93 , 8.05 , 11.91 , 14.86 
12/1/1980, (2.91), (1.45), (0.69), (1.81), (2.48), (2.44), (1.99), (4.60), (4.03), (5.61)
1/1/1981, 3.52 , 2.95 , 3.00 , 3.45 , 2.16 , 0.69 , 0.75 , (1.74), (1.50), (4.65)
2/1/1981, 0.64 , 2.07 , 0.86 , 2.25 , 1.10 , 1.50 , 0.73 , 1.35 , 0.16 , (1.19)
3/1/1981, 6.95 , 8.05 , 8.64 , 7.59 , 6.83 , 7.10 , 6.77 , 6.54 , 8.32 , 8.19 
4/1/1981, 2.90 , 2.02 , 3.06 , 2.71 , 3.36 , 2.34 , 3.96 , 1.59 , 3.84 , 3.73 
5/1/1981, 1.24 , 0.96 , 1.35 , 2.12 , 2.46 , 3.23 , 2.32 , 2.63 , 3.41 , 6.15 
6/1/1981, (1.07), 1.23 , 1.75 , 0.75 , 0.36 , 0.01 , 0.03 , (0.26), (1.81), (3.30)
7/1/1981, (1.91), (0.73), (0.40), (1.59), (0.89), (2.51), (2.09), (2.39), (3.33), (2.66)
8/1/1981, (9.11), (6.36), (4.47), (4.28), (6.03), (6.15), (6.50), (5.51), (7.41), (9.85)
9/1/1981, (12.10), (7.59), (7.32), (7.80), (7.52), (6.97), (7.41), (6.82), (6.45), (8.79)
10/1/1981, 5.57 , 6.62 , 5.17 , 4.92 , 6.62 , 7.22 , 6.53 , 7.30 , 8.07 , 10.15 
11/1/1981, (3.10), 2.25 , 1.79 , 3.26 , 3.88 , 3.21 , 4.68 , 3.38 , 3.11 , 3.09 
12/1/1981, (5.49), (3.27), (0.69), (1.49), (1.31), 0.21 , (1.09), (0.94), (1.74), (1.90)
1/1/1982, (0.96), (2.42), (2.34), (1.65), (1.16), (1.48), (1.22), (1.37), (1.85), (2.38)
2/1/1982, (7.53), (4.47), (4.19), (4.45), (3.23), (2.74), (1.49), (2.20), (2.20), (3.08)
3/1/1982, (2.76), (1.85), (1.18), (1.22), (0.77), (0.20), (0.70), 0.56 , 0.28 , 0.43 
4/1/1982, 5.62 , 4.89 , 6.23 , 4.83 , 5.23 , 6.17 , 4.51 , 4.77 , 5.86 , 5.00 
5/1/1982, (4.48), (2.79), (3.87), (2.72), (1.80), (1.71), (1.97), (1.40), (0.98), (0.56)
6/1/1982, (7.94), (4.79), (2.49), (2.95), (1.65), (1.64), (1.27), (1.34), (0.65), (0.65)
7/1/1982, (3.56), (2.96), (2.91), (2.24), (2.09), (1.49), (0.32), 0.43 , 0.30 , 0.36 
8/1/1982, 6.46 , 7.95 , 8.10 , 7.51 , 6.14 , 5.61 , 5.55 , 6.20 , 6.13 , 5.65 
9/1/1982, (2.09), 2.21 , 3.26 , 3.41 , 3.60 , 4.88 , 5.12 , 4.39 , 4.66 , 7.64 
10/1/1982, 11.80 , 13.87 , 12.23 , 11.49 , 13.07 , 13.06 , 13.20 , 12.40 , 11.95 , 17.35 
11/1/1982, 4.61 , 8.88 , 9.23 , 11.67 , 11.30 , 9.41 , 9.72 , 9.52 , 9.20 , 13.61 
12/1/1982, 2.85 , 2.10 , 2.41 , 1.26 , 1.28 , 2.15 , 2.13 , 2.19 , 1.95 , 3.18 
1/1/1983, 19.29 , 12.95 , 10.78 , 8.86 , 7.45 , 6.33 , 5.72 , 7.58 , 8.35 , 10.79 
2/1/1983, 0.49 , 5.62 , 6.15 , 5.66 , 6.78 , 4.67 , 6.80 , 6.46 , 7.91 , 7.78 
3/1/1983, 5.09 , 5.01 , 4.94 , 5.30 , 3.78 , 5.11 , 5.04 , 5.96 , 4.87 , 6.14 
4/1/1983, 8.09 , 8.14 , 7.32 , 6.66 , 6.40 , 7.07 , 7.00 , 7.93 , 8.03 , 10.87 
5/1/1983, 14.97 , 8.74 , 7.73 , 6.80 , 6.17 , 7.16 , 6.99 , 6.43 , 8.73 , 9.68 
6/1/1983, 5.61 , 4.66 , 3.25 , 4.44 , 3.82 , 4.83 , 3.54 , 5.77 , 5.85 , 5.00 
7/1/1983, 0.75 , (0.17), (0.24), (1.25), (0.73), (1.62), (1.94), (1.73), (3.44), (4.18)
8/1/1983, (3.40), (0.18), (0.90), (1.55), (1.76), (2.38), (2.16), (3.85), (4.51), (5.89)
9/1/1983, (1.61), 0.63 , 0.94 , 0.86 , 2.12 , 1.56 , 1.61 , 0.49 , 1.57 , (0.35)
10/1/1983, (6.21), (1.68), (2.19), (2.89), (5.47), (4.95), (3.71), (5.45), (5.31), (9.09)
11/1/1983, 0.11 , 1.50 , 3.17 , 4.33 , 4.06 , 3.54 , 4.36 , 3.22 , 3.52 , 4.18 
12/1/1983, (4.27), (2.64), (0.64), (1.53), (0.36), (0.60), (1.29), (1.73), 0.04 , (2.86)
1/1/1984, 2.66 , 2.10 , 0.07 , (0.28), 1.08 , 0.95 , (1.04), (0.20), (0.86), (1.17)
2/1/1984, (6.25), (4.80), (5.02), (5.21), (4.57), (4.25), (4.02), (4.68), (4.98), (6.87)
3/1/1984, (0.82), (0.29), 0.10 , 1.22 , 2.08 , 0.68 , 2.16 , 1.05 , 1.07 , 2.55 
4/1/1984, (4.39), (1.72), (1.94), (1.57), (0.87), (0.17), (0.64), (1.22), (0.12), (1.17)
5/1/1984, (6.75), (5.26), (4.34), (4.52), (4.24), (4.96), (4.29), (4.26), (3.72), (4.15)
6/1/1984, (0.44), 1.76 , 2.86 , 1.36 , 2.57 , 2.95 , 2.24 , 2.08 , 2.45 , 2.08 
7/1/1984, (8.08), (6.15), (4.56), (4.31), (3.34), (3.47), (2.91), (2.54), (1.49), (1.88)
8/1/1984, 8.88 , 10.70 , 10.50 , 9.88 , 10.03 , 10.25 , 9.34 , 7.65 , 7.12 , 7.62 
9/1/1984, (2.43), (0.24), (1.17), (1.47), 0.17 , 1.21 , 1.34 , 2.55 , 1.62 , 1.77 
10/1/1984, (6.02), (3.78), (1.50), (1.46), (0.75), (1.28), 0.41 , 0.80 , 1.02 , 0.32 
11/1/1984, (6.63), (4.23), (3.36), (1.19), (2.20), (0.77), (1.19), (0.69), (1.37), (2.63)
12/1/1984, (0.82), (1.93), 0.64 , 0.79 , 1.51 , 2.52 , 1.92 , 1.97 , 2.63 , 1.67 
1/1/1985, 18.01 , 14.62 , 12.35 , 11.71 , 10.86 , 10.25 , 9.78 , 8.18 , 7.87 , 8.06 
2/1/1985, 7.47 , 4.55 , 2.72 , 3.57 , 3.60 , 2.93 , 2.60 , 3.45 , 3.09 , 5.24 
3/1/1985, (2.33), (2.23), (0.55), (1.28), (0.34), (0.26), (0.40), (0.40), 0.28 , (0.12)
4/1/1985, (3.78), (1.65), (1.45), (1.24), (1.11), (0.46), 0.38 , 0.88 , 0.67 , 0.64 
5/1/1985, (0.75), 1.47 , 1.70 , 3.69 , 3.41 , 3.84 , 3.65 , 4.29 , 4.65 , 4.69 
6/1/1985, (2.80), (0.60), (0.52), 0.65 , 1.73 , 2.09 , 2.15 , 2.29 , 2.82 , 2.69 
7/1/1985, 2.08 , 2.28 , 1.85 , 2.64 , 2.24 , 1.65 , 0.88 , 0.56 , 0.93 , 1.55 
8/1/1985, (1.41), (0.11), (0.35), (0.49), (0.22), (0.24), (0.06), 0.32 , 1.06 , (0.16)
9/1/1985, (8.17), (6.50), (5.27), (4.50), (3.76), (4.04), (4.26), (4.21), (4.28), (5.78)
10/1/1985, (2.38), 1.93 , 1.69 , 1.33 , 3.48 , 3.23 , 4.02 , 3.91 , 4.70 , 5.31 
11/1/1985, 4.19 , 4.50 , 4.63 , 4.58 , 5.19 , 5.67 , 6.37 , 5.93 , 7.21 , 6.96 
12/1/1985, 1.18 , 3.61 , 3.22 , 3.32 , 3.35 , 4.59 , 3.92 , 4.44 , 2.69 , 3.70 
1/1/1986, 5.16 , 3.62 , 2.11 , 2.65 , 3.66 , 1.73 , 2.59 , 4.00 , 4.66 , 5.83 
2/1/1986, 4.61 , 4.26 , 6.75 , 5.68 , 6.02 , 7.52 , 7.45 , 7.36 , 8.68 , 7.65 
3/1/1986, 3.52 , 4.04 , 4.66 , 5.24 , 5.34 , 4.88 , 7.02 , 5.06 , 5.66 , 5.37 
4/1/1986, 1.04 , 1.32 , 1.87 , 2.59 , 1.17 , (0.12), 0.86 , 1.65 , 1.00 , 2.18 
5/1/1986, 2.59 , 3.63 , 2.39 , 2.91 , 3.74 , 2.99 , 3.62 , 4.86 , 4.98 , 6.51 
6/1/1986, (0.65), (0.14), (0.64), 0.04 , 1.30 , 1.42 , 1.83 , 2.04 , 3.22 , 2.41 
7/1/1986, (9.35), (7.80), (7.10), (6.09), (5.16), (5.54), (6.98), (6.31), (6.57), (9.15)
8/1/1986, 1.42 , 2.48 , 2.71 , 2.81 , 3.99 , 2.60 , 1.49 , 3.52 , 1.34 , 0.97 
9/1/1986, (4.98), (5.36), (4.49), (4.52), (5.40), (6.17), (7.16), (7.39), (6.94), (9.05)
10/1/1986, 0.08 , 1.34 , 2.07 , 2.38 , 2.89 , 3.60 , 3.69 , 3.81 , 3.43 , 4.54 
11/1/1986, (1.89), (1.27), (0.17), 1.09 , 0.05 , 0.45 , 0.40 , (0.17), 0.51 , (1.69)
12/1/1986, (4.97), (3.71), (2.76), (2.45), (3.07), (2.35), (3.26), (2.54), (4.19), (3.94)
1/1/1987, 14.92 , 10.48 , 9.90 , 10.75 , 10.08 , 10.32 , 11.57 , 11.32 , 10.82 , 12.58 
2/1/1987, 9.52 , 7.67 , 6.95 , 6.59 , 6.81 , 6.85 , 6.09 , 5.12 , 6.58 , 8.03 
3/1/1987, 3.45 , 2.79 , 2.54 , 2.67 , 2.60 , 2.58 , 2.34 , 3.83 , 2.69 , 4.76 
4/1/1987, (2.30), (2.58), (2.11), (3.05), (2.70), (2.62), (2.63), (1.20), (1.66), 0.34 
5/1/1987, 1.20 , (0.20), (0.54), 0.07 , (0.07), (0.01), 0.73 , (0.18), (0.03), 0.89 
6/1/1987, 1.70 , 1.76 , 2.21 , 3.88 , 4.15 , 3.37 , 3.36 , 3.17 , 2.46 , 2.18 
7/1/1987, 2.99 , 3.10 , 2.29 , 3.13 , 3.53 , 4.93 , 3.60 , 3.98 , 4.94 , 6.72 
8/1/1987, 0.12 , 2.75 , 1.99 , 3.31 , 2.30 , 3.45 , 1.55 , 2.65 , 1.73 , 1.07 
9/1/1987, (2.30), (1.64), (0.70), (0.86), (2.22), (0.10), (0.93), (1.98), (1.51), (0.58)
10/1/1987, (28.61), (24.11), (24.94), (25.99), (25.72), (27.54), (27.69), (28.31), (29.73), (32.46)
11/1/1987, (9.47), (4.85), (4.10), (3.16), (4.00), (4.72), (3.20), (4.16), (3.90), (5.46)
12/1/1987, (3.28), 2.14 , 3.93 , 3.80 , 4.15 , 4.86 , 4.28 , 7.62 , 5.62 , 7.50 
1/1/1988, 13.76 , 9.59 , 8.81 , 8.24 , 7.25 , 6.76 , 5.79 , 4.94 , 3.37 , 4.13 
2/1/1988, 6.13 , 8.03 , 7.97 , 6.04 , 7.15 , 5.86 , 5.55 , 5.83 , 6.72 , 5.97 
3/1/1988, 4.56 , 3.09 , 3.41 , 3.26 , 3.42 , 2.01 , 3.31 , 2.79 , 4.06 , 4.46 
4/1/1988, 1.11 , 0.72 , 0.86 , 1.38 , 1.79 , 1.08 , 1.27 , 1.37 , 1.39 , 2.83 
5/1/1988, (2.53), (2.19), (2.18), (1.63), (1.35), (1.31), (1.34), (0.28), (1.08), (1.20)
6/1/1988, 3.68 , 5.60 , 6.06 , 5.53 , 3.94 , 5.57 , 5.23 , 5.83 , 5.11 , 5.36 
7/1/1988, 1.06 , (0.91), (0.26), (0.93), (0.39), (0.33), (0.94), 0.86 , (0.08), (0.18)
8/1/1988, (3.17), (2.30), (2.13), (2.11), (1.87), (1.30), (2.20), (1.80), (2.27), (2.12)
9/1/1988, 0.91 , 1.97 , 2.10 , 1.77 , 2.51 , 2.62 , 2.27 , 2.43 , 2.35 , 2.70 
10/1/1988, (5.01), (0.90), (0.83), (0.94), (0.68), (0.55), 0.07 , 0.67 , 0.77 , (0.25)
11/1/1988, (6.19), (4.37), (2.26), (2.83), (3.33), (3.77), (2.37), (3.44), (2.95), (3.67)
12/1/1988, 0.62 , 1.41 , 2.27 , 2.99 , 1.76 , 2.21 , 2.72 , 3.13 , 3.41 , 3.94 
1/1/1989, 8.85 , 5.50 , 5.19 , 5.14 , 4.88 , 4.95 , 5.00 , 6.29 , 6.60 , 6.17 
2/1/1989, (0.22), 0.73 , 1.24 , 0.98 , 0.07 , (0.04), 0.85 , 0.44 , (0.06), 1.39 
3/1/1989, (0.25), 1.33 , 1.95 , 0.82 , 1.86 , 2.90 , 1.49 , 2.97 , 2.64 , 3.18 
4/1/1989, 2.09 , 2.87 , 2.54 , 3.28 , 3.37 , 3.43 , 4.48 , 3.85 , 4.24 , 4.59 
5/1/1989, 1.41 , 3.08 , 3.08 , 3.70 , 3.73 , 2.83 , 3.51 , 3.81 , 3.26 , 3.79 
6/1/1989, (2.35), (1.40), (1.13), 0.20 , (0.60), 0.19 , 0.15 , (0.59), (1.27), (2.11)
7/1/1989, (0.27), 1.50 , 1.99 , 3.42 , 3.82 , 3.77 , 3.87 , 4.51 , 5.57 , 6.00 
8/1/1989, (0.12), 1.23 , 2.01 , 2.12 , 3.54 , 3.00 , 2.16 , 3.17 , 2.71 , 3.47 
9/1/1989, (0.66), (0.19), (0.32), 0.09 , (0.04), 1.13 , (0.18), 1.00 , 1.27 , 1.47 
10/1/1989, (6.75), (5.88), (3.90), (3.64), (5.19), (4.66), (3.59), (4.63), (4.22), (5.53)
11/1/1989, (4.72), (2.75), (1.22), 0.40 , (0.24), 0.42 , 1.80 , 0.42 , 0.78 , 0.64 
12/1/1989, (6.14), (1.25), (2.08), (1.00), (0.26), (0.03), 0.96 , 0.02 , 1.29 , (0.48)
1/1/1990, (1.98), (5.25), (4.33), (4.66), (5.12), (5.75), (6.55), (6.22), (7.62), (7.84)
2/1/1990, 2.98 , 1.58 , 0.39 , 0.83 , 1.13 , 2.23 , 1.75 , 1.79 , 2.02 , 3.40 
3/1/1990, 2.23 , 1.59 , 2.39 , 1.98 , 0.78 , 2.54 , 2.61 , 3.45 , 2.35 , 4.31 
4/1/1990, (2.92), (2.94), (1.81), (3.34), (2.94), (2.66), (3.60), (3.75), (2.34), (1.42)
5/1/1990, 3.01 , 3.19 , 3.18 , 3.02 , 3.15 , 4.63 , 6.13 , 6.40 , 7.59 , 8.49 
6/1/1990, (1.39), 1.15 , (0.30), (0.37), 0.68 , 0.35 , 1.24 , 0.16 , 0.72 , 1.87 
7/1/1990, (4.28), (4.55), (4.30), (3.72), (2.14), (2.13), (2.54), (1.78), (1.59), (3.08)
8/1/1990, (13.21), (12.49), (10.27), (10.70), (9.70), (9.81), (10.85), (10.42), (11.71), (12.48)
9/1/1990, (11.27), (9.88), (8.98), (8.44), (7.41), (5.44), (4.43), (5.95), (7.40), (8.33)
10/1/1990, (10.79), (8.80), (5.95), (6.65), (4.99), (3.87), (3.27), (2.47), (3.43), (4.83)
11/1/1990, 3.75 , 3.78 , 3.36 , 5.46 , 4.07 , 4.09 , 4.85 , 3.17 , 4.59 , 3.21 
12/1/1990, (8.28), (1.46), 0.17 , 0.34 , 3.02 , 2.50 , 0.58 , 2.92 , 1.90 , 1.27 
1/1/1991, 19.96 , 12.17 , 8.67 , 8.10 , 6.45 , 4.79 , 5.32 , 3.96 , 6.02 , 8.28 
2/1/1991, 27.12 , 14.60 , 10.75 , 9.01 , 9.82 , 10.23 , 8.08 , 8.27 , 11.18 , 11.54 
3/1/1991, 13.42 , 8.43 , 5.25 , 5.19 , 5.26 , 5.42 , 5.01 , 6.94 , 8.99 , 10.63 
4/1/1991, 5.26 , 4.08 , 3.69 , 2.22 , 3.85 , 2.46 , 1.88 , 1.41 , 1.72 , 1.40 
5/1/1991, 0.12 , 2.91 , 3.28 , 3.25 , 3.58 , 3.33 , 2.61 , 3.75 , 3.73 , 5.97 
6/1/1991, (4.61), (2.44), (3.07), (3.50), (2.75), (2.86), (3.32), (2.82), (3.87), (4.92)
7/1/1991, 3.68 , 1.71 , 1.83 , 3.23 , 2.82 , 2.29 , 3.53 , 3.10 , 5.16 , 6.41 
8/1/1991, 2.50 , 3.09 , 1.58 , 2.31 , 2.46 , 2.30 , 3.00 , 3.75 , 4.65 , 4.73 
9/1/1991, (0.24), 0.61 , 0.08 , 1.53 , 1.26 , (0.18), (0.77), 0.90 , 1.31 , 2.98 
10/1/1991, 2.28 , 0.28 , 1.32 , 1.78 , 1.24 , 1.23 , 2.11 , 2.52 , 2.57 , 5.86 
11/1/1991, (2.81), (2.76), (1.21), (1.31), (0.35), (2.06), (2.33), (2.95), (2.45), (4.25)
12/1/1991, (3.34), 1.37 , 2.93 , 3.44 , 3.09 , 4.48 , 5.90 , 6.41 , 6.46 , 9.29 
1/1/1992, 36.22 , 16.62 , 11.94 , 11.57 , 9.32 , 8.18 , 9.61 , 10.67 , 12.82 , 16.71 
2/1/1992, 10.08 , 6.76 , 5.80 , 5.53 , 4.47 , 4.73 , 3.81 , 4.51 , 6.22 , 3.72 
3/1/1992, (0.59), 1.04 , (0.01), (0.87), 0.02 , (0.24), (1.64), (1.59), (1.03), (2.76)
4/1/1992, (5.24), (3.11), (2.86), (0.58), (1.41), (1.32), (2.07), (2.45), (2.42), (5.75)
5/1/1992, 0.79 , 1.64 , (0.05), 0.46 , 1.60 , 0.49 , -   , 1.76 , 0.88 , (0.60)
6/1/1992, (5.88), (5.12), (4.60), (2.80), (2.75), (3.17), (2.79), (3.20), (3.16), (4.60)
7/1/1992, -   , 1.47 , 3.16 , 1.88 , 2.46 , 2.89 , 4.10 , 3.17 , 3.29 , 3.82 
8/1/1992, (3.87), (2.58), (3.43), (1.79), (0.55), (1.55), (1.49), (1.76), (2.46), (3.70)
9/1/1992, (0.42), 1.32 , (0.28), 0.64 , 1.71 , 1.77 , 2.52 , 1.59 , 2.81 , 2.27 
10/1/1992, 1.01 , 0.79 , 0.94 , 1.44 , 2.40 , 2.48 , 2.06 , 2.50 , 1.93 , 3.82 
11/1/1992, 8.16 , 7.53 , 6.62 , 6.07 , 5.68 , 6.06 , 6.18 , 5.68 , 7.96 , 8.46 
12/1/1992, 2.43 , 3.34 , 1.92 , 2.25 , 3.13 , 2.90 , 4.98 , 3.74 , 5.90 , 6.67 
1/1/1993, 10.92 , 4.07 , 5.70 , 4.08 , 4.10 , 4.88 , 7.52 , 6.72 , 6.16 , 9.78 
2/1/1993, (3.53), (1.51), (1.60), (1.59), (0.03), 0.08 , 1.72 , (0.02), (0.39), (0.47)
3/1/1993, 0.58 , 2.58 , 2.65 , 1.02 , 2.75 , 3.58 , 3.00 , 4.10 , 3.96 , 5.36 
4/1/1993, (2.07), (2.05), (2.47), (1.65), (1.92), (2.32), (0.64), (1.67), (1.70), (1.38)
5/1/1993, 5.43 , 4.40 , 5.23 , 3.85 , 3.87 , 2.54 , 2.92 , 3.94 , 2.41 , 4.53 
6/1/1993, 0.08 , (0.09), 0.61 , 2.61 , 0.38 , 1.72 , 1.42 , 2.57 , 2.61 , 2.53 
7/1/1993, 0.97 , (0.17), 0.28 , 1.42 , 0.77 , 2.24 , 1.81 , 3.06 , 1.76 , 2.15 
8/1/1993, 3.11 , 2.45 , 3.97 , 3.16 , 2.07 , 4.01 , 3.82 , 4.23 , 5.05 , 6.71 
9/1/1993, 1.45 , 1.57 , 0.91 , 2.39 , 3.58 , 2.05 , 3.68 , 3.07 , 3.73 , 5.12 
10/1/1993, 6.97 , 5.25 , 4.18 , 3.69 , 1.60 , 3.25 , 3.41 , 3.00 , 3.72 , 4.40 
11/1/1993, (2.32), (1.29), (1.68), (1.73), (2.01), (2.27), (2.81), (2.06), (3.11), (3.54)
12/1/1993, (1.84), 0.35 , 0.31 , 2.75 , 2.16 , 1.80 , 2.75 , 1.82 , 2.46 , 2.33 
1/1/1994, 7.97 , 4.62 , 4.41 , 3.92 , 2.84 , 3.69 , 3.55 , 3.91 , 5.41 , 5.03 
2/1/1994, (0.13), (0.25), (0.65), (0.89), (0.19), (0.69), (0.16), (0.70), (0.57), (1.51)
3/1/1994, (3.55), (3.49), (3.87), (3.52), (3.89), (3.80), (4.19), (4.06), (4.21), (6.35)
4/1/1994, (5.25), (1.48), 0.13 , (1.51), (0.72), 0.21 , 0.58 , 0.33 , (0.60), (0.19)
5/1/1994, 0.40 , 0.31 , (0.20), 0.31 , (0.07), 0.63 , 0.73 , (0.48), 0.45 , (2.28)
6/1/1994, (4.90), (2.31), (2.97), (2.04), (1.21), (0.63), (2.35), (1.64), (1.34), (3.82)
7/1/1994, 0.02 , 1.07 , 1.18 , 1.53 , 1.36 , 1.61 , 1.78 , 2.14 , 2.43 , 2.30 
8/1/1994, 4.27 , 3.97 , 2.98 , 3.66 , 3.75 , 3.34 , 4.14 , 4.31 , 4.11 , 4.29 
9/1/1994, 1.36 , 0.31 , (0.20), (0.54), 0.41 , (0.20), 0.49 , 0.65 , 0.92 , 2.70 
10/1/1994, (1.67), (0.17), (0.33), (0.13), 0.26 , (0.29), 0.23 , 0.22 , 1.02 , 2.37 
11/1/1994, (6.64), (4.32), (3.31), (3.31), (3.62), (4.07), (3.56), (3.38), (3.69), (3.44)
12/1/1994, (6.00), (2.90), (0.87), (0.48), 0.33 , 0.66 , 0.09 , 0.94 , 1.23 , 1.60 
1/1/1995, 7.94 , 3.71 , 3.31 , 3.07 , 1.53 , 1.61 , 1.95 , 2.22 , 1.38 , 1.35 
2/1/1995, 2.03 , 3.48 , 3.48 , 3.40 , 3.32 , 3.48 , 3.02 , 3.76 , 3.61 , 4.10 
3/1/1995, 1.12 , 0.80 , 2.53 , 2.60 , 1.32 , 1.48 , 1.62 , 1.98 , 2.25 , 2.96 
4/1/1995, 1.98 , 2.68 , 1.80 , 1.79 , 2.33 , 2.38 , 2.63 , 2.55 , 2.39 , 3.54 
5/1/1995, 0.75 , 1.56 , 4.03 , 2.08 , 2.38 , 2.13 , 2.30 , 2.16 , 2.05 , 2.49 
6/1/1995, 6.63 , 3.45 , 4.02 , 4.10 , 3.46 , 4.29 , 3.19 , 4.86 , 5.59 , 8.96 
7/1/1995, 6.88 , 3.46 , 3.94 , 3.73 , 5.36 , 4.31 , 4.52 , 5.22 , 6.00 , 9.27 
8/1/1995, 3.63 , 2.96 , 1.77 , 4.68 , 4.35 , 3.75 , 4.07 , 3.85 , 4.54 , 3.37 
9/1/1995, 2.25 , 2.12 , 2.42 , 2.48 , 2.90 , 3.43 , 2.71 , 3.06 , 3.15 , 4.02 
10/1/1995, (9.78), (5.36), (3.35), (2.81), (1.80), (2.03), (2.39), (3.39), (2.13), (4.62)
11/1/1995, (3.52), 1.14 , 2.48 , 2.45 , 2.43 , 3.66 , 2.92 , 2.95 , 2.93 , 3.22 
12/1/1995, (2.94), (0.31), 1.08 , 0.96 , 2.39 , 1.86 , 2.44 , 2.38 , 2.44 , 2.51 
1/1/1996, 7.35 , 3.09 , 2.65 , 2.21 , 1.86 , 2.44 , 1.62 , 1.68 , 0.90 , 1.40 
2/1/1996, 5.82 , 3.28 , 3.06 , 3.41 , 2.23 , 2.42 , 3.26 , 2.57 , 3.86 , 4.13 
3/1/1996, 4.32 , 4.00 , 2.97 , 2.62 , 2.01 , 1.24 , 1.92 , 2.88 , 2.26 , 2.76 
4/1/1996, 8.18 , 5.49 , 5.26 , 4.55 , 2.67 , 3.63 , 2.92 , 4.23 , 5.63 , 9.94 
5/1/1996, 9.67 , 8.16 , 5.71 , 5.35 , 3.67 , 5.28 , 4.03 , 5.42 , 7.23 , 8.51 
6/1/1996, (5.27), (2.30), (2.63), (0.80), (1.75), (1.85), (1.01), (1.92), (3.17), (5.77)
7/1/1996, (11.11), (7.50), (6.13), (5.75), (5.45), (6.15), (5.78), (6.31), (6.68), (12.52)
8/1/1996, 3.99 , 4.11 , 3.50 , 4.34 , 3.61 , 3.51 , 4.33 , 4.74 , 4.20 , 6.77 
9/1/1996, 0.96 , 1.64 , 2.90 , 3.31 , 2.96 , 2.70 , 3.35 , 3.51 , 3.06 , 6.23 
10/1/1996, (6.64), (3.48), (1.06), 0.40 , 0.64 , 0.67 , 0.70 , (0.61), (0.37), (2.16)
11/1/1996, 1.65 , 3.12 , 2.35 , 3.40 , 4.34 , 3.23 , 4.32 , 3.99 , 2.53 , 1.25 
12/1/1996, (7.20), (0.26), 1.12 , 1.50 , 1.58 , 2.05 , 0.85 , 2.31 , 0.95 , 1.26 
1/1/1997, 12.42 , 6.91 , 4.77 , 5.52 , 4.82 , 3.79 , 4.01 , 4.33 , 4.25 , 5.78 
2/1/1997, (2.96), (1.48), (0.17), 0.78 , 1.30 , 0.75 , 1.25 , 0.08 , (0.83), (5.60)
3/1/1997, (8.62), (4.40), (4.00), (3.67), (2.88), (2.62), (3.41), (3.77), (4.37), (4.63)
4/1/1997, (5.61), (2.71), (2.28), (1.51), 0.47 , (0.17), (0.11), (0.45), (0.21), (0.56)
5/1/1997, 10.90 , 10.03 , 8.18 , 8.18 , 6.86 , 7.59 , 7.49 , 8.41 , 7.26 , 9.66 
6/1/1997, 1.52 , 4.19 , 4.91 , 4.84 , 5.22 , 4.88 , 5.78 , 6.45 , 6.24 , 6.36 
7/1/1997, 3.08 , 4.16 , 5.72 , 5.40 , 4.41 , 6.54 , 5.90 , 6.01 , 7.24 , 9.11 
8/1/1997, 5.23 , 3.02 , 2.44 , 2.06 , 1.89 , 2.14 , 4.83 , 1.64 , 2.55 , 3.92 
9/1/1997, 8.56 , 9.44 , 7.75 , 8.48 , 7.67 , 8.08 , 7.92 , 8.15 , 9.53 , 9.93 
10/1/1997, (3.01), (1.66), (1.66), (1.63), (1.88), (1.25), (0.51), (0.97), (0.75), (4.60)
11/1/1997, (7.06), (1.77), (0.32), (0.43), 0.56 , 0.81 , 0.74 , 1.04 , (0.26), (1.48)
12/1/1997, (13.31), (5.12), (2.57), (0.62), 0.07 , 1.00 , 2.62 , 2.49 , 2.12 , (0.43)
1/1/1998, 7.01 , 1.28 , (0.38), 0.55 , (0.75), (1.08), (0.18), (0.53), (1.32), (0.42)
2/1/1998, 6.04 , 6.02 , 6.47 , 7.18 , 6.20 , 6.65 , 6.23 , 6.27 , 6.96 , 6.29 
3/1/1998, 4.10 , 4.94 , 4.22 , 4.83 , 4.80 , 6.27 , 4.91 , 5.10 , 4.52 , 6.57 
4/1/1998, 4.28 , 3.23 , 1.79 , 2.13 , 2.56 , 1.25 , 2.06 , 1.44 , 1.74 , 2.58 
5/1/1998, (6.33), (3.88), (3.82), (3.81), (3.67), (3.34), (3.46), (3.46), (4.18), (5.13)
6/1/1998, (7.79), (5.04), (4.88), (2.95), (1.57), (2.10), (0.22), 0.04 , (0.44), 1.61 
7/1/1998, (6.71), (7.76), (7.29), (4.22), (6.20), (5.42), (5.30), (4.74), (4.17), (4.74)
8/1/1998, (24.90), (21.91), (20.06), (18.19), (16.98), (17.01), (15.43), (16.81), (17.71), (22.18)
9/1/1998, 2.26 , 2.79 , 5.63 , 2.69 , 3.42 , 3.90 , 3.08 , 4.21 , 5.19 , 8.57 
10/1/1998, 7.57 , 3.12 , 3.34 , 3.51 , 2.81 , 2.64 , 2.51 , 2.21 , 2.10 , 2.33 
11/1/1998, 10.97 , 8.99 , 7.35 , 8.23 , 6.76 , 5.15 , 6.70 , 6.26 , 4.91 , 10.31 
12/1/1998, (1.82), 1.14 , 1.03 , 0.45 , 3.13 , 3.69 , 4.32 , 3.68 , 7.11 , 9.47 
1/1/1999, 18.31 , 9.87 , 6.25 , 3.05 , 2.03 , 1.31 , 0.23 , 1.11 , 2.79 , 8.70 
2/1/1999, (4.44), (5.54), (4.88), (4.58), (5.06), (3.87), (4.70), (5.88), (6.03), (4.69)
3/1/1999, 0.89 , (3.27), (3.26), (2.29), (2.02), (3.46), (3.32), (0.42), (3.01), 3.54 
4/1/1999, 11.50 , 11.64 , 10.34 , 8.32 , 7.16 , 6.89 , 5.95 , 6.19 , 6.75 , 9.11 
5/1/1999, 7.10 , 6.39 , 4.54 , 4.29 , 2.91 , 2.62 , 2.03 , 2.40 , 2.14 , 0.55 
6/1/1999, 1.02 , 4.36 , 3.38 , 2.75 , 3.85 , 3.22 , 4.57 , 4.48 , 6.43 , 6.82 
7/1/1999, 2.52 , (0.17), 1.33 , 1.21 , (0.21), 0.04 , 1.58 , (0.07), 0.39 , 1.32 
8/1/1999, (6.23), (3.66), (2.93), (3.11), (2.81), (2.83), (3.65), (2.96), (1.99), (1.22)
9/1/1999, (4.06), (4.28), (3.28), (2.51), (2.72), (2.65), (2.71), (0.40), (1.37), 2.76 
10/1/1999, (5.50), (3.25), (1.19), (1.08), 0.94 , 1.12 , 0.21 , 0.42 , 0.08 , 4.50 
11/1/1999, 13.42 , 7.90 , 5.28 , 4.76 , 3.08 , 4.40 , 4.73 , 8.73 , 8.28 , 18.22 
12/1/1999, 10.25 , 5.71 , 4.07 , 1.89 , 4.31 , 2.29 , 2.95 , 8.98 , 9.28 , 20.83 
1/1/2000, 17.45 , 6.04 , 2.22 , 0.63 , 2.66 , 3.69 , 0.54 , 1.13 , 7.65 , 7.45 
2/1/2000, 15.76 , 7.13 , 3.39 , 4.37 , 4.32 , 4.29 , 7.14 , 13.34 , 18.57 , 31.36 
3/1/2000, (0.63), 2.41 , 2.58 , 1.53 , 2.46 , 3.03 , 2.98 , 3.95 , 3.34 , (3.53)
4/1/2000, (11.34), (5.49), (3.08), (1.34), (0.69), (2.76), (3.44), (3.81), (8.27), (17.30)
5/1/2000, (8.83), (4.28), (3.23), (1.70), (1.51), (1.85), (1.73), (2.75), (3.70), (12.09)
6/1/2000, 3.00 , 2.84 , 1.11 , 1.44 , 1.39 , 1.34 , 1.55 , 4.97 , 8.16 , 22.22 
7/1/2000, (2.48), (1.63), (0.49), 0.44 , (0.48), 0.98 , 1.73 , 1.30 , (1.70), (6.86)
8/1/2000, 4.81 , 4.31 , 3.59 , 3.81 , 3.92 , 3.75 , 4.47 , 5.56 , 8.05 , 14.05 
9/1/2000, (12.14), (5.71), (3.80), (0.70), (0.25), 0.32 , (1.21), (0.87), (2.80), (4.67)
10/1/2000, (11.10), (7.19), (3.64), (2.50), (3.20), (1.94), (3.91), (4.17), (4.29), (9.32)
11/1/2000, (22.72), (11.48), (7.60), (6.64), (3.77), (6.20), (7.43), (7.70), (9.72), (19.01)
12/1/2000, (14.66), (4.36), (0.85), 2.65 , 3.39 , 1.99 , 2.82 , 2.91 , 4.90 , 4.85 
1/1/2001, 64.75 , 30.55 , 19.47 , 13.77 , 11.64 , 8.51 , 7.99 , 5.96 , 5.24 , 4.55 
2/1/2001, (16.47), (6.68), (3.76), (1.86), (2.21), (1.01), (2.18), (2.76), (2.05), (5.56)
3/1/2001, (15.21), (6.21), (2.22), (1.41), (2.70), (0.89), (1.60), (2.13), (1.49), (1.31)
4/1/2001, 11.51 , 8.77 , 5.52 , 5.25 , 4.63 , 4.93 , 3.96 , 3.95 , 5.01 , 8.71 
5/1/2001, 7.28 , 7.45 , 6.93 , 5.55 , 6.90 , 5.49 , 6.96 , 6.12 , 5.47 , 7.73 
6/1/2001, (1.90), 2.08 , 3.08 , 2.67 , 2.12 , 3.26 , 2.55 , 2.87 , 2.87 , 2.92 
7/1/2001, (9.16), (2.43), (1.54), (0.89), 0.44 , 1.09 , 1.29 , 1.61 , 1.15 , 0.73 
8/1/2001, (8.81), (3.91), (2.19), (0.98), (1.41), (0.07), (0.52), (1.27), (1.44), (2.94)
9/1/2001, (20.45), (15.38), (13.51), (10.83), (8.94), (8.46), (9.02), (8.35), (7.77), (8.54)
10/1/2001, 16.92 , 5.96 , 4.76 , 6.29 , 4.36 , 3.95 , 2.30 , 4.18 , 2.58 , 7.67 
11/1/2001, 15.60 , 6.53 , 7.30 , 5.54 , 6.61 , 5.36 , 5.89 , 5.26 , 4.24 , 5.91 
12/1/2001, 9.47 , 6.35 , 6.99 , 4.94 , 5.94 , 5.17 , 4.21 , 5.74 , 5.31 , 5.78 
1/1/2002, 1.26 , (0.79), 0.95 , 0.91 , 2.92 , 1.14 , 1.74 , 3.25 , 3.64 , 3.25 
2/1/2002, (12.46), (4.15), (1.81), (0.33), (1.79), 0.41 , 1.03 , (1.15), 0.21 , (2.09)
3/1/2002, 10.08 , 9.86 , 7.60 , 6.94 , 7.49 , 6.86 , 6.83 , 6.23 , 7.83 , 8.78 
4/1/2002, (5.75), (1.36), (0.87), (0.48), 1.25 , 2.32 , 2.67 , 3.41 , 3.02 , 0.73 
5/1/2002, (8.26), (4.39), (1.63), (1.09), (0.60), (1.80), 0.56 , (1.40), 0.26 , 0.31 
6/1/2002, (15.91), (9.16), (6.54), (6.54), (4.60), (3.25), (3.03), (2.71), (1.74), (3.32)
7/1/2002, (16.20), (12.09), (13.40), (10.37), (10.92), (9.80), (7.96), (8.95), (8.94), (12.48)
8/1/2002, 0.98 , (1.61), (1.91), 0.77 , 0.15 , 0.43 , 1.45 , 1.01 , 0.66 , 0.48 
9/1/2002, (16.59), (11.86), (9.24), (8.72), (6.93), (5.89), (4.88), (5.02), (4.61), (4.94)
10/1/2002, 10.56 , 3.15 , 2.93 , 3.24 , 0.58 , 4.10 , 3.73 , 2.75 , 3.72 , 5.23 
11/1/2002, 32.78 , 16.67 , 13.52 , 8.11 , 6.35 , 4.23 , 5.46 , 4.07 , 3.29 , 5.25 
12/1/2002, (14.58), (8.49), (4.21), (5.53), (3.37), (0.83), (1.29), (0.30), 0.02 , (0.49)
1/1/2003, 2.29 , (0.43), (2.04), (1.31), (2.13), (0.42), (0.15), (0.12), (0.01), 1.00 
2/1/2003, (4.83), (3.88), (3.29), (2.84), (2.96), (1.59), (1.64), (0.62), (0.73), (1.01)
3/1/2003, 2.44 , (0.10), (0.57), (0.20), (0.42), 0.91 , 1.34 , 0.13 , 2.23 , 2.94 
4/1/2003, 18.79 , 13.15 , 10.73 , 11.23 , 8.00 , 6.61 , 7.51 , 6.50 , 5.77 , 7.26 
5/1/2003, 32.72 , 20.79 , 13.89 , 12.40 , 10.59 , 10.02 , 8.94 , 8.51 , 8.09 , 8.03 
6/1/2003, 11.40 , 5.27 , 4.92 , 3.63 , 4.20 , 4.38 , 2.24 , 4.16 , 3.76 , 4.21 
7/1/2003, 8.12 , 8.64 , 6.93 , 6.49 , 6.88 , 5.88 , 4.53 , 6.19 , 5.96 , 9.41 
8/1/2003, 5.54 , 4.97 , 5.45 , 4.13 , 3.85 , 3.68 , 4.98 , 5.74 , 5.34 , 5.90 
9/1/2003, 7.59 , 1.76 , 0.18 , 0.61 , 0.88 , 0.90 , 0.29 , 1.52 , 1.95 , 3.12 
10/1/2003, 8.02 , 6.12 , 6.62 , 6.97 , 6.75 , 7.15 , 8.70 , 8.58 , 8.60 , 11.95 
11/1/2003, 1.98 , 3.95 , 2.89 , 3.29 , 4.11 , 3.20 , 3.50 , 4.19 , 4.07 , 5.02 
12/1/2003, 6.55 , 5.49 , 4.30 , 4.69 , 4.18 , 2.54 , 2.68 , 2.04 , 3.45 , 1.94 
1/1/2004, 9.50 , 4.51 , 4.88 , 4.40 , 5.87 , 4.26 , 4.38 , 6.35 , 8.50 , 10.77 
2/1/2004, 0.74 , 1.75 , 1.54 , 2.24 , 1.45 , 1.35 , 0.69 , 1.76 , 1.00 , 0.12 
3/1/2004, 0.06 , (0.32), 1.18 , 1.17 , 1.09 , 0.49 , 0.29 , 1.01 , 1.09 , (1.23)
4/1/2004, (1.78), (1.15), (1.51), (0.86), (1.05), (3.03), (2.78), (4.09), (3.45), (6.68)
5/1/2004, (2.65), 0.32 , 0.29 , 0.77 , 0.60 , 0.23 , (0.03), 0.66 , (0.06), 0.79 
6/1/2004, 1.33 , 1.32 , 2.99 , 2.38 , 2.83 , 3.25 , 2.42 , 3.56 , 3.97 , 2.85 
7/1/2004, (9.45), (5.44), (4.12), (5.74), (4.24), (3.52), (5.15), (6.41), (6.41), (8.71)
8/1/2004, (2.58), 0.28 , (0.31), (0.60), (0.64), 0.25 , (1.45), (1.23), (1.37), (3.06)
9/1/2004, 2.74 , 2.38 , 3.23 , 2.95 , 3.47 , 3.84 , 4.17 , 4.71 , 6.33 , 7.35 
10/1/2004, 2.30 , 1.71 , 1.84 , 2.60 , 1.81 , 2.26 , 1.41 , 3.11 , 1.82 , 0.70 
11/1/2004, 12.51 , 7.35 , 6.89 , 6.25 , 6.78 , 7.19 , 8.45 , 8.19 , 8.70 , 9.60 
12/1/2004, 10.78 , 6.19 , 5.09 , 3.75 , 4.44 , 4.02 , 3.21 , 3.03 , 4.06 , 6.16 
1/1/2005, (7.91), (2.76), (3.01), (2.37), (2.27), (2.35), (1.58), (1.78), (1.42), (2.30)
2/1/2005, (1.18), (0.27), 0.16 , 1.32 , 1.60 , 0.67 , 2.38 , 1.68 , 2.72 , 4.70 
3/1/2005, (5.79), (2.31), (1.18), (2.35), (1.71), (1.82), (1.67), (1.53), (2.48), (3.08)
4/1/2005, (9.37), (5.25), (4.60), (3.39), (4.25), (3.45), (3.84), (4.51), (4.54), (7.60)
5/1/2005, 5.47 , 4.14 , 4.00 , 4.38 , 4.14 , 4.88 , 4.25 , 4.99 , 5.65 , 7.60 
6/1/2005, 3.44 , 3.20 , 2.58 , 3.05 , 3.04 , 2.51 , 3.92 , 3.62 , 3.18 , 4.62 
7/1/2005, 8.42 , 6.86 , 5.14 , 5.48 , 4.58 , 5.18 , 6.05 , 5.68 , 5.77 , 8.55 
8/1/2005, (2.79), (0.74), (1.03), (1.09), (1.75), (1.00), (0.42), (0.75), 0.07 , 0.20 
9/1/2005, (0.18), (0.18), (0.31), (0.11), 0.46 , 2.10 , 0.68 , 0.62 , 2.00 , 2.65 
10/1/2005, (5.44), (3.28), (1.89), (1.71), (1.44), (2.94), (2.33), (2.24), (3.18), (4.79)
11/1/2005, 3.64 , 3.02 , 3.28 , 3.20 , 4.16 , 3.85 , 3.51 , 4.76 , 2.90 , 5.34 
12/1/2005, 1.50 , 0.92 , 0.02 , 0.11 , 0.51 , 0.44 , 0.43 , 0.91 , 1.82 , 0.78 
1/1/2006, 10.06 , 6.81 , 6.36 , 5.80 , 5.99 , 4.48 , 6.05 , 6.41 , 8.92 , 12.93 
2/1/2006, 1.10 , (0.03), 0.78 , 1.05 , 1.50 , 0.79 , 1.93 , 1.26 , (0.44), (1.64)
3/1/2006, 4.53 , 3.72 , 3.29 , 2.75 , 3.49 , 4.07 , 4.74 , 4.36 , 5.38 , 5.58 
4/1/2006, 0.64 , 0.67 , 0.15 , 0.51 , 0.15 , (0.18), 0.47 , 1.06 , 0.91 , 1.18 
5/1/2006, (5.93), (2.84), (3.77), (3.24), (2.90), (3.27), (4.16), (4.50), (5.70), (8.73)
6/1/2006, (2.50), (1.73), (1.18), (0.51), 0.50 , (0.01), 0.65 , (0.37), (0.07), (1.76)
7/1/2006, (5.85), (3.51), (1.99), (1.91), (1.67), (1.95), (1.75), (3.00), (3.02), (5.64)
8/1/2006, 3.32 , 3.71 , 2.60 , 2.06 , 2.18 , 1.41 , 2.10 , 2.18 , 1.43 , 0.88 
9/1/2006, 0.04 , 1.42 , 1.40 , 1.35 , 0.70 , 0.90 , 2.00 , 0.94 , 1.46 , 0.77 
10/1/2006, 5.91 , 4.97 , 4.28 , 5.32 , 3.86 , 4.09 , 4.68 , 3.47 , 5.43 , 5.81 
11/1/2006, 2.85 , 2.97 , 3.53 , 2.13 , 2.62 , 1.56 , 2.30 , 2.67 , 1.53 , 2.56 
12/1/2006, 0.92 , 0.48 , 1.16 , 0.44 , 1.30 , 1.61 , 2.19 , 1.40 , 0.60 , 3.08 
1/1/2007, 3.39 , 2.56 , 1.79 , 0.75 , 2.12 , 2.19 , 1.70 , 2.66 , 1.95 , 3.69 
2/1/2007, 0.22 , 1.24 , (0.01), (0.05), 0.46 , 0.69 , 1.00 , (0.37), (0.81), (0.59)
3/1/2007, (2.27), (0.12), 0.47 , 0.50 , 0.85 , 1.13 , 0.93 , 1.38 , 2.34 , 2.31 
4/1/2007, 3.04 , 1.74 , 1.55 , 1.82 , 2.60 , 1.91 , 2.10 , 2.58 , 3.33 , 3.21 
5/1/2007, 1.14 , 2.98 , 2.23 , 2.93 , 2.83 , 3.61 , 2.72 , 3.45 , 2.19 , 2.25 
6/1/2007, (0.96), (0.82), (0.81), (0.29), (0.44), (1.02), (0.46), (0.88), (0.99), (0.56)
7/1/2007, (6.03), (5.69), (5.83), (5.07), (4.54), (5.14), (4.07), (3.18), (3.78), (4.82)
8/1/2007, (3.53), 0.26 , 0.62 , (0.43), (0.52), -   , (1.02), (1.15), 0.57 , (0.46)
9/1/2007, (0.75), 0.06 , 0.81 , 0.17 , 0.83 , 1.64 , 1.95 , 2.12 , 3.84 , 5.30 
10/1/2007, (1.80), (1.97), (0.22), 0.59 , 1.22 , 2.02 , 2.37 , 3.87 , 3.25 , 4.73 
11/1/2007, (14.12), (8.78), (7.01), (5.53), (6.30), (6.02), (6.18), (6.74), (7.86), (8.24)
12/1/2007, (4.34), (2.83), (3.00), (1.70), (1.64), (1.59), (0.14), 1.07 , 0.47 , 1.85 
1/1/2008, 0.66 , (3.03), (4.46), (3.75), (5.14), (5.10), (7.98), (6.50), (9.42), (11.35)
2/1/2008, (4.75), (3.97), (3.82), (3.89), (2.19), (1.77), (1.65), (1.10), (0.29), (0.81)
3/1/2008, (6.62), (3.29), (3.12), (0.43), (0.88), 1.30 , (0.80), (1.32), (1.45), (2.10)
4/1/2008, (0.21), 2.61 , 1.50 , 3.30 , 2.52 , 2.72 , 2.37 , 2.57 , 3.32 , 6.24 
5/1/2008, 3.51 , 2.06 , 2.93 , 2.49 , 4.42 , 4.25 , 2.64 , 2.84 , 2.85 , 6.95 
6/1/2008, (13.99), (12.84), (12.47), (9.99), (9.43), (8.46), (7.80), (6.91), (4.48), (1.86)
7/1/2008, (0.56), 1.38 , 1.96 , 2.36 , 2.42 , 3.44 , 1.90 , 3.05 , 0.82 , (4.42)
8/1/2008, 2.91 , 2.06 , 3.30 , 3.32 , 3.16 , 3.40 , 3.48 , 1.89 , 1.12 , (1.16)
9/1/2008, (15.73), (12.21), (9.83), (9.12), (8.61), (8.29), (6.68), (7.53), (10.43), (16.30)
10/1/2008, (24.91), (25.46), (22.36), (21.50), (20.44), (17.93), (17.64), (16.55), (18.38), (21.00)
11/1/2008, (20.01), (17.45), (16.35), (13.73), (11.89), (12.79), (10.19), (8.99), (9.64), (11.14)
12/1/2008, 2.82 , 3.73 , 4.22 , 3.23 , 3.32 , 1.95 , 3.64 , 2.88 , 2.83 , 2.14 
1/1/2009, 7.26 , 0.31 , (5.37), (6.51), (6.17), (6.89), (6.71), (6.15), (7.89), (10.57)
2/1/2009, (14.31), (14.89), (10.07), (12.13), (10.85), (9.94), (9.44), (10.39), (11.06), (10.93)
3/1/2009, 30.42 , 18.93 , 11.47 , 10.73 , 10.73 , 9.13 , 6.37 , 9.07 , 5.81 , 7.27 
4/1/2009, 44.37 , 38.13 , 31.57 , 22.50 , 19.95 , 14.92 , 14.18 , 12.29 , 7.67 , 6.01 
5/1/2009, 24.90 , 17.32 , 13.02 , 9.98 , 5.36 , 6.70 , 5.23 , 4.97 , 3.90 , 2.93 
6/1/2009, 5.50 , 3.46 , 3.48 , 2.36 , 1.96 , 2.74 , 3.32 , 3.00 , 4.51 , 3.71 
7/1/2009, 9.66 , 11.89 , 10.30 , 11.26 , 8.71 , 9.76 , 5.47 , 7.10 , 8.05 , 6.55 
8/1/2009, 26.16 , 12.21 , 5.30 , 6.97 , 4.50 , 2.85 , 2.90 , 1.06 , 1.77 , 0.62 
9/1/2009, 14.84 , 7.79 , 7.57 , 6.12 , 6.05 , 5.09 , 5.14 , 5.01 , 3.75 , 5.37 
10/1/2009, (10.90), (7.20), (4.87), (4.62), (5.33), (4.13), (4.50), (4.62), (4.63), (8.61)
11/1/2009, (2.42), 1.84 , 1.90 , 2.17 , 1.67 , 3.42 , 2.37 , 1.60 , 5.04 , 4.60 
12/1/2009, 6.11 , 5.74 , 7.11 , 4.68 , 5.42 , 6.31 , 6.93 , 7.79 , 6.89 , 8.58 
1/1/2010, 4.24 , (0.01), (0.98), (2.38), (1.16), (1.28), (2.68), (1.61), (2.88), (1.77)
2/1/2010, 0.97 , 2.95 , 3.02 , 3.45 , 3.53 , 4.46 , 3.98 , 5.60 , 6.99 , 7.03 
3/1/2010, 7.21 , 6.54 , 8.16 , 7.85 , 8.18 , 7.49 , 7.67 , 7.86 , 9.38 , 10.17 
4/1/2010, 11.20 , 6.54 , 6.27 , 5.22 , 5.39 , 5.49 , 6.46 , 7.52 , 8.38 , 12.09 
5/1/2010, (10.70), (7.05), (6.46), (6.62), (6.94), (7.11), (7.65), (7.16), (7.96), (10.21)
6/1/2010, (10.23), (5.78), (6.02), (4.77), (6.09), (6.11), (7.63), (7.97), (8.84), (10.92)
7/1/2010, 4.86 , 5.13 , 6.30 , 5.69 , 6.16 , 5.58 , 5.87 , 6.28 , 6.87 , 7.95 
8/1/2010, (7.70), (7.25), (5.90), (6.77), (5.41), (6.12), (6.28), (5.09), (5.92), (8.59)
9/1/2010, 10.16 , 10.81 , 11.00 , 9.91 , 10.64 , 9.93 , 9.90 , 11.68 , 11.30 , 13.89 
10/1/2010, 3.85 , 4.16 , 3.96 , 3.71 , 3.45 , 3.55 , 4.81 , 5.27 , 4.57 , 4.59 
11/1/2010, (1.79), 2.54 , 3.61 , 2.02 , 2.00 , 3.38 , 2.92 , 3.02 , 3.74 , 4.05 
12/1/2010, 11.18 , 9.75 , 7.36 , 7.91 , 7.07 , 8.73 , 7.72 , 7.25 , 7.50 , 7.27 
1/1/2011, 5.06 , 1.64 , 1.20 , 2.38 , 0.71 , 1.89 , 0.85 , 1.17 , 1.75 , 1.31 
2/1/2011, 2.35 , 3.96 , 3.70 , 5.26 , 3.96 , 3.83 , 5.44 , 5.51 , 4.59 , 5.64 
3/1/2011, (2.77), 0.83 , 0.92 , 2.57 , 1.67 , 2.19 , 1.52 , 3.25 , 3.81 , 3.04 
4/1/2011, (0.64), 1.44 , 2.24 , 1.66 , 2.33 , 2.87 , 2.26 , 2.57 , 2.20 , 1.05 
5/1/2011, (3.60), (2.43), (1.13), (1.58), (1.00), (1.30), (1.52), (1.84), (1.39), (2.42)
6/1/2011, (5.68), (2.41), (1.99), (1.95), (1.31), (1.92), (0.78), (2.16), (1.15), (1.60)
7/1/2011, (1.45), (2.65), (2.62), (2.77), (2.46), (3.58), (3.10), (2.95), (1.82), (3.25)
8/1/2011, (12.49), (10.24), (6.80), (6.87), (6.33), (7.08), (7.83), (8.43), (9.67), (10.83)
9/1/2011, (12.84), (8.68), (7.71), (8.77), (9.54), (9.17), (9.17), (10.24), (12.97), (15.09)
10/1/2011, 10.02 , 10.72 , 13.10 , 11.26 , 11.48 , 13.18 , 12.11 , 11.49 , 13.48 , 16.00 
11/1/2011, (6.92), (3.19), (1.87), (1.30), (1.17), 1.14 , (0.43), 0.36 , 0.10 , (0.18)
12/1/2011, (2.66), (0.08), 1.16 , 1.07 , 0.01 , 1.43 , 1.10 , 0.41 , 1.04 , (0.09)
1/1/2012, 16.65 , 11.60 , 10.24 , 8.40 , 8.45 , 6.24 , 5.55 , 5.58 , 3.85 , 6.38 
2/1/2012, 5.51 , 5.29 , 3.69 , 3.04 , 3.55 , 3.84 , 2.86 , 2.82 , 2.88 , 4.07 
3/1/2012, 2.22 , 3.24 , 2.73 , 3.76 , 3.00 , 3.52 , 3.59 , 3.23 , 3.43 , 3.86 
4/1/2012, (3.94), (4.24), (0.83), (1.08), (2.11), (0.78), (0.72), 0.39 , 1.36 , 0.48 
5/1/2012, (11.66), (9.06), (7.71), (6.80), (5.16), (5.35), (5.53), (4.56), (5.15), (5.36)
6/1/2012, 1.68 , 5.24 , 4.37 , 4.03 , 4.55 , 3.45 , 4.27 , 3.48 , 4.18 , 4.16 
7/1/2012, (2.24), (2.44), (2.99), (1.06), (1.24), 0.11 , 0.27 , (0.50), 0.26 , 0.29 
8/1/2012, 2.47 , 4.06 , 3.47 , 2.90 , 3.25 , 2.36 , 1.96 , 2.25 , 1.89 , 3.93 
9/1/2012, 5.84 , 4.15 , 4.49 , 3.12 , 2.39 , 3.62 , 3.37 , 3.30 , 2.77 , 3.52 
10/1/2012, (4.15), (2.31), (1.63), (2.07), (1.41), (1.49), (0.94), (1.15), (0.72), (0.12)
11/1/2012, (0.30), 0.24 , 0.82 , 1.42 , 0.49 , 0.32 , (0.25), 0.95 , 0.19 , 0.57 
12/1/2012, 3.11 , 3.31 , 2.97 , 2.81 , 3.60 , 2.54 , 2.53 , 2.09 , 1.75 , 1.48 
1/1/2013, 9.86 , 6.26 , 6.01 , 7.36 , 5.17 , 6.84 , 6.72 , 7.28 , 7.05 , 9.01 
2/1/2013, (0.34), -   , 1.20 , 2.17 , 1.34 , 1.51 , 2.02 , 0.91 , 2.09 , 1.31 
3/1/2013, 2.65 , 2.88 , 3.96 , 4.48 , 4.01 , 4.57 , 4.57 , 5.59 , 5.16 , 7.45 
4/1/2013, (1.86), (0.14), 0.38 , (0.42), (0.12), 0.48 , 0.18 , 0.70 , (0.18), 1.48 
5/1/2013, 6.55 , 5.71 , 6.11 , 3.49 , 4.10 , 3.20 , 4.09 , 3.86 , 4.66 , 4.20 
6/1/2013, (2.26), 0.36 , 0.80 , 0.03 , 1.18 , (0.24), 1.19 , 0.95 , 0.31 , (0.66)
7/1/2013, 10.65 , 6.08 , 5.86 , 6.70 , 7.20 , 7.00 , 7.54 , 6.77 , 7.02 , 8.59 
8/1/2013, (1.30), (1.89), (2.73), (2.12), (1.99), (2.38), (2.43), (2.11), (2.19), (2.56)
9/1/2013, 7.00 , 4.41 , 3.32 , 4.91 , 5.18 , 5.83 , 6.08 , 5.77 , 6.49 , 7.39 
10/1/2013, 0.79 , 3.09 , 2.33 , 3.51 , 4.18 , 2.68 , 3.74 , 3.80 , 2.64 , 2.35 
11/1/2013, 4.58 , 3.44 , 4.69 , 3.79 , 4.61 , 3.57 , 4.13 , 4.97 , 5.57 , 4.62 
12/1/2013, 2.83 , 2.74 , 3.10 , 1.79 , 2.44 , 2.18 , 3.12 , 2.09 , 3.60 , 3.28 
1/1/2014, 4.86 , 0.43 , (0.36), (1.93), (1.05), (2.67), (2.83), (1.11), (1.58), 0.53 
2/1/2014, 4.68 , 3.31 , 2.83 , 3.55 , 4.41 , 5.14 , 4.06 , 5.84 , 5.27 , 6.12 
3/1/2014, (1.26), 2.25 , 0.81 , 1.11 , 1.14 , 1.31 , 0.10 , 0.79 , (0.15), (2.35)
4/1/2014, (4.92), (2.95), (1.69), (1.45), (2.66), (2.78), (2.70), (2.34), (3.72), (7.44)
5/1/2014, (1.21), (1.07), 1.75 , 0.66 , 1.08 , 0.59 , 1.24 , 0.04 , 0.39 , (0.71)
6/1/2014, 5.26 , 4.22 , 3.08 , 4.00 , 5.22 , 3.36 , 3.61 , 4.41 , 4.63 , 5.45 
7/1/2014, (5.36), (4.56), (3.53), (3.41), (3.66), (4.10), (4.57), (3.93), (5.11), (5.63)
8/1/2014, 3.68 , 3.19 , 3.67 , 3.27 , 4.94 , 4.33 , 4.10 , 4.15 , 4.27 , 5.73 
9/1/2014, (9.35), (4.75), (4.30), (3.37), (4.46), (3.17), (3.84), (3.95), (4.02), (4.37)
10/1/2014, (1.55), 3.62 , 4.93 , 5.81 , 4.67 , 5.22 , 4.18 , 3.51 , 3.16 , 1.91 
11/1/2014, (2.64), (2.16), (0.41), 0.30 , 1.01 , 0.71 , 0.33 , 0.89 , 1.57 , 1.21 
12/1/2014, 0.37 , 2.31 , 1.85 , 2.12 , 1.96 , 2.35 , 1.97 , 2.55 , 1.91 , 1.44 
1/1/2015, (6.09), (3.79), (5.10), (4.52), (2.91), (2.97), (2.56), (2.29), (1.12), (1.47)
2/1/2015, 10.30 , 6.95 , 6.97 , 5.26 , 5.88 , 5.85 , 6.71 , 4.97 , 4.55 , 5.41 
3/1/2015, (4.47), (0.83), 0.17 , 1.18 , 0.82 , 0.87 , 1.43 , 1.67 , 1.41 , 1.64 
4/1/2015, 7.81 , 0.84 , (0.08), (0.30), (0.79), (1.07), (1.42), (1.92), (2.24), (3.88)
5/1/2015, (2.59), (1.86), 0.10 , 0.17 , 0.58 , 1.09 , 2.54 , 1.38 , 3.13 , 4.96 
6/1/2015, (3.66), (0.94), 0.67 , 0.03 , 0.31 , 0.30 , 0.08 , 0.65 , 0.95 , 0.97 
7/1/2015, (13.76), (7.91), (4.10), (1.45), (1.00), (0.22), 0.29 , 1.14 , 0.64 , 0.79 
8/1/2015, (1.56), (5.86), (3.11), (4.49), (4.00), (4.00), (3.69), (4.43), (5.13), (7.18)
9/1/2015, (13.74), (8.79), (7.43), (4.89), (2.77), (3.07), (1.63), (1.77), (2.17), (6.58)
10/1/2015, 5.27 , 5.66 , 6.40 , 6.38 , 5.98 , 4.87 , 4.65 , 4.41 , 5.99 , 4.73 
11/1/2015, 3.85 , 0.62 , 1.66 , 1.49 , 1.64 , 2.23 , 3.33 , 3.40 , 2.48 , 3.41 
12/1/2015, (9.84), (6.18), (6.05), (5.21), (3.46), (2.90), (2.90), (2.53), (2.61), (4.21)
1/1/2016, (13.40), (11.39), (9.27), (9.40), (7.96), (7.72), (7.48), (5.85), (6.54), (11.37)
2/1/2016, 0.28 , 1.68 , 1.23 , 4.04 , 1.46 , 1.32 , 0.33 , (1.15), (1.31), (1.38)
3/1/2016, 16.13 , 10.92 , 8.95 , 8.33 , 7.06 , 6.98 , 6.38 , 5.80 , 5.10 , 4.62 
4/1/2016, 10.24 , 5.85 , 3.69 , 3.49 , 2.30 , 3.05 , 1.72 , 1.52 , 1.65 , 1.73 
5/1/2016, (3.59), 0.55 , 0.44 , 1.29 , 1.20 , 1.39 , 2.02 , 1.49 , 1.71 , 1.39 
6/1/2016, 0.54 , (1.70), (2.21), (2.29), (1.74), 0.08 , (0.30), 0.27 , 1.02 , 1.51 
7/1/2016, 8.77 , 8.20 , 4.54 , 5.91 , 6.09 , 5.51 , 4.18 , 3.86 , 3.68 , 4.79 
8/1/2016, 4.51 , 2.48 , 1.98 , 1.15 , 3.06 , 2.50 , 1.48 , 1.61 , 1.31 , (0.35)
9/1/2016, 4.68 , 3.39 , 0.33 , 1.94 , 1.23 , 0.75 , 1.28 , 0.88 , 3.39 , 1.58 
10/1/2016, (11.30), (5.00), (4.01), (2.61), (2.34), (2.77), (2.54), (4.30), (4.24), (7.22)
11/1/2016, 6.53 , 9.03 , 11.34 , 9.27 , 9.95 , 8.91 , 10.29 , 8.26 , 9.75 , 10.17 
12/1/2016, (0.94), 2.07 , 2.58 , 3.37 , 3.40 , 3.61 , 3.74 , 3.12 , 2.23 , 0.59 
1/1/2017, 4.48 , 1.55 , 1.82 , 0.79 , 1.24 , 0.72 , 0.16 , 0.52 , 0.46 , 2.40 
2/1/2017, 1.85 , 2.69 , 2.26 , 2.42 , 2.00 , 2.02 , 1.25 , 2.32 , 0.99 , (0.09)
3/1/2017, 0.34 , 1.91 , 0.32 , 1.39 , 0.53 , 0.36 , 0.24 , 1.09 , (0.03), (0.09)
4/1/2017, (3.15), 0.88 , 0.42 , 3.34 , 1.01 , 1.21 , 1.00 , 1.11 , 1.16 , 0.08 
5/1/2017, (7.07), (1.42), 0.12 , (1.07), (0.81), (0.40), (1.48), (1.38), (1.63), (1.21)
6/1/2017, 7.31 , 2.75 , 2.11 , 3.07 , 3.45 , 2.57 , 3.26 , 2.66 , 3.84 , 2.73 
7/1/2017, (2.36), (1.61), 0.64 , 0.76 , 0.38 , (0.34), (0.14), 0.49 , 1.32 , 1.49 
8/1/2017, (3.69), (3.62), (1.95), (1.24), (1.68), (0.22), (0.73), (1.41), (0.76), 0.11 
9/1/2017, 11.86 , 6.63 , 6.09 , 6.66 , 5.72 , 6.73 , 6.14 , 5.55 , 6.98 , 6.44 
10/1/2017, (3.30), (2.94), 0.16 , 1.68 , 0.40 , 0.49 , 1.84 , 2.35 , 1.93 , 1.27 
11/1/2017, 4.70 , 4.90 , 3.70 , 2.96 , 3.02 , 3.30 , 3.03 , 3.33 , 2.22 , 3.17 
12/1/2017, 2.93 , 1.62 , 0.19 , 0.47 , (0.29), 0.07 , 0.79 , (0.48), 0.95 , 2.06 
1/1/2018, 2.90 , 2.25 , 1.99 , 3.59 , 2.71 , 3.07 , 2.76 , 3.60 , 4.36 , 4.16 
2/1/2018, (6.51), (5.13), (3.62), (3.65), (2.57), (3.50), (3.58), (2.87), (3.28), (3.38)
3/1/2018, 1.02 , 0.14 , 0.51 , 1.43 , 1.74 , 2.34 , 0.85 , (0.19), 1.07 , 0.40 
4/1/2018, 0.66 , 1.36 , 1.34 , 1.35 , 1.07 , 0.44 , 0.29 , (0.36), 0.81 , 0.75 
5/1/2018, 5.12 , 4.48 , 4.38 , 3.35 , 2.59 , 4.10 , 3.86 , 4.78 , 6.14 , 9.10 
6/1/2018, 1.01 , 1.06 , 2.43 , 0.44 , 1.46 , (0.40), (0.10), 0.54 , 0.68 , 1.17 
7/1/2018, (3.26), 1.05 , 1.52 , 0.15 , 1.81 , 2.62 , 1.40 , 0.93 , 1.70 , 0.82 
8/1/2018, 0.81 , 2.13 , 2.76 , 1.97 , 3.24 , 4.20 , 2.59 , 3.01 , 5.38 , 8.41 
9/1/2018, (1.45), (2.49), (0.70), (1.32), (2.37), (2.57), (1.18), (1.02), (1.61), (2.30)
10/1/2018, (13.86), (9.98), (8.56), (7.96), (8.13), (7.96), (8.42), (8.67), (10.41), (12.32)
11/1/2018, (3.07), (0.43), 1.03 , 1.03 , 1.50 , 0.07 , 0.97 , 1.29 , (0.50), (1.60)
12/1/2018, (21.76), (14.11), (13.38), (12.71), (10.65), (10.22), (9.82), (9.70), (10.27), (12.18)
1/1/2019, 27.19 , 19.28 , 14.18 , 12.72 , 9.82 , 8.60 , 8.47 , 8.64 , 8.54 , 11.70 
2/1/2019, 6.12 , 5.58 , 4.38 , 5.99 , 4.78 , 4.57 , 5.33 , 4.15 , 4.49 , 5.17 
3/1/2019, 0.23 , (3.48), (1.79), (2.82), (2.25), (2.49), (1.36), (0.91), (0.21), (0.93)
4/1/2019, 1.05 , 3.31 , 3.42 , 4.94 , 2.79 , 3.61 , 2.41 , 1.89 , 1.81 , 1.64 
5/1/2019, (13.48), (12.29), (8.21), (8.71), (7.44), (6.88), (6.23), (6.35), (5.51), (4.57)
6/1/2019, 2.63 , 4.61 , 8.02 , 5.81 , 5.71 , 5.97 , 6.75 , 5.71 , 6.95 , 6.90 
7/1/2019, (6.07), (0.47), (1.06), (0.54), 0.27 , 0.25 , 0.93 , 0.12 , 0.08 , 1.69 
8/1/2019, (6.99), (7.12), (8.48), (6.64), (5.06), (5.34), (2.73), (2.40), (2.51), (2.81)
9/1/2019, 3.76 , 3.76 , 3.90 , 4.38 , 4.11 , 2.98 , 3.05 , 1.46 , (0.50), (3.76)
10/1/2019, (4.47), 0.30 , (0.05), 0.88 , 0.69 , 2.42 , 1.39 , 1.55 , 1.35 , 1.79 
11/1/2019, 1.82 , 4.65 , 4.06 , 2.84 , 4.31 , 3.91 , 3.94 , 1.88 , 4.67 , 5.48 
12/1/2019, 11.63 , 5.49 , 3.95 , 3.37 , 3.61 , 2.91 , 4.10 , 2.69 , 2.36 , 4.46 
1/1/2020, 1.10 , (1.81), (1.34), (4.48), (3.05), (2.85), (3.20), (2.20), (0.91), (0.07)
2/1/2020, (3.63), (9.93), (7.15), (8.77), (8.81), (8.63), (8.66), (8.61), (7.96), (6.41)
3/1/2020, (26.13), (24.42), (25.40), (21.93), (23.20), (21.28), (19.40), (21.35), (18.92), (20.59)
4/1/2020, 35.87 , 22.18 , 18.86 , 16.64 , 12.69 , 12.53 , 12.98 , 14.26 , 15.84 , 19.46 
5/1/2020, 12.67 , 11.30 , 7.99 , 7.03 , 4.90 , 5.12 , 4.79 , 4.09 , 7.22 , 10.55 
6/1/2020, 12.94 , 12.27 , 6.27 , 4.91 , 4.97 , 1.64 , 2.50 , 2.78 , 3.55 , 8.06 
7/1/2020, 6.29 , 2.87 , 1.46 , 0.72 , 2.47 , 4.61 , 4.37 , 9.67 , 5.38 , 6.07 
8/1/2020, 4.94 , 4.87 , 6.67 , 5.25 , 5.41 , 4.31 , 4.02 , 4.97 , 2.34 , 3.38 
9/1/2020, (7.31), (3.56), (3.82), (1.76), (3.44), (2.66), (1.68), (3.14), (1.46), (0.71)
10/1/2020, (1.17), 3.14 , 4.39 , 3.10 , 1.38 , 0.83 , 1.64 , 2.04 , 1.41 , (0.89)
11/1/2020, 39.00 , 23.92 , 19.36 , 18.20 , 17.56 , 18.16 , 14.15 , 17.09 , 15.30 , 19.80 
12/1/2020, 15.88 , 12.43 , 9.69 , 9.61 , 6.84 , 5.73 , 7.17 , 5.89 , 8.53 , 8.14 
1/1/2021, 28.42 , 7.01 , 5.67 , 5.71 , 4.82 , 5.86 , 3.16 , 6.27 , 13.82 , 20.44 
2/1/2021, 14.25 , 10.93 , 10.70 , 8.73 , 9.71 , 8.59 , 8.96 , 6.71 , 9.74 , 5.25 
3/1/2021, 1.40 , 5.71 , 5.91 , 3.25 , 5.43 , 2.87 , 4.33 , 2.42 , 1.12 , (2.10)
4/1/2021, (1.77), 1.17 , 1.26 , 2.58 , 2.74 , 2.64 , 1.95 , 5.67 , 1.69 , (0.24)
5/1/2021, (0.85), 1.08 , 1.34 , 1.86 , 2.91 , 2.45 , 1.45 , 4.30 , 4.12 , 1.70 
6/1/2021, 3.72 , 3.06 , 2.34 , 1.81 , 0.53 , 0.48 , 1.49 , 0.78 , 2.08 , 8.31 
7/1/2021, (7.14), (0.73), (0.63), 0.76 , (1.31), (2.12), (2.62), (2.43), (5.06), (8.57)
8/1/2021, 2.32 , 2.11 , 1.99 , 3.26 , 1.83 , 2.13 , 2.12 , 2.11 , 2.72 , 2.90 
9/1/2021, (2.88), (3.26), (4.16), (3.02), (3.43), (2.83), (1.33), (1.17), (2.05), (2.61)
10/1/2021, (1.70), 2.68 , 4.22 , 3.09 , 3.66 , 4.27 , 3.15 , 3.67 , 5.22 , 2.03 
11/1/2021, (11.05), (5.86), (3.14), (2.44), (3.28), (3.33), (2.39), (4.77), (5.23), (7.17)
12/1/2021, (4.82), 2.84 , 3.75 , 2.71 , 2.65 , 3.44 , 3.45 , 2.58 , 0.76 , (3.36)
1/1/2022, (13.00), (7.66), (5.51), (5.88), (5.47), (4.38), (6.76), (5.21), (7.77), (11.11)
2/1/2022, (4.17), (0.25), 1.06 , 0.47 , 1.93 , 0.80 , 0.24 , (0.49), 1.21 , 4.32 
3/1/2022, 3.24 , 1.05 , (0.14), 0.54 , 1.14 , 1.55 , 1.39 , 2.21 , 1.81 , 2.87 
4/1/2022, (20.80), (10.90), (8.43), (7.02), (5.91), (6.85), (6.68), (6.65), (7.41), (6.45)
5/1/2022, (7.33), (2.97), 0.70 , (0.86), 0.15 , 0.33 , 0.12 , 0.21 , (0.33), 2.55 
6/1/2022, (4.31), (7.76), (8.72), (7.75), (7.53), (6.15), (4.43), (6.60), (7.39), (13.00)
7/1/2022, 7.34 , 10.76 , 8.25 , 9.07 , 8.82 , 9.22 , 6.65 , 7.50 , 6.44 , 10.95 
8/1/2022, 2.11 , (1.15), (2.27), (1.11), (0.50), (1.99), (2.93), (1.10), (0.31), 2.46 
9/1/2022, (16.01), (11.63), (10.73), (11.41), (9.31), (8.16), (5.14), (7.33), (7.57), (10.96)
10/1/2022, 0.87 , 6.81 , 9.30 , 8.97 , 8.94 , 9.31 , 7.56 , 10.77 , 10.06 , 13.22 
11/1/2022, (5.31), 0.95 , 3.05 , 4.01 , 4.04 , 3.96 , 4.83 , 2.20 , 2.30 , (0.41)
12/1/2022, (9.49), (7.22), (5.10), (4.58), (3.28), (4.15), (2.80), (4.51), (4.41), (4.47)
1/1/2023, 30.91 , 18.73 , 16.26 , 11.32 , 9.60 , 8.81 , 4.57 , 4.83 , 5.58 , 4.05 
2/1/2023, (9.75), (4.18), (3.41), (1.44), (1.73), (0.87), (1.05), (1.36), (1.15), (2.36)
3/1/2023, (11.92), (6.60), (5.41), (5.69), (4.84), (2.71), (2.22), (4.33), (3.14), (4.19)
4/1/2023, (3.43), (2.35), (2.79), (2.69), (1.21), (2.09), 1.16 , (1.09), (1.60), (0.58)
5/1/2023, 1.03 , (0.41), 2.25 , (3.63), (2.82), (0.93), (1.28), (1.38), (0.25), 0.66 
6/1/2023, 3.17 , 7.95 , 6.65 , 8.32 , 5.75 , 7.09 , 4.79 , 8.34 , 7.86 , 5.69 
